filename,face_number,gender,gender_score,emotion,emotion_score,age,analysis_time,folder,emotion_rank
2022_face_00000.jpg,1,Man,94.7952389717102,,99.21470303184914,33,2025-05-07 23:06:10,2022,0
2022_face_00001.jpg,2,Man,96.00300192832948,happy,99.05580282211304,38,2025-05-07 23:06:11,2022,5
2022_face_00002.jpg,3,Man,74.64385628700256,neutral,97.0337212085724,27,2025-05-07 23:06:11,2022,4
2022_face_00003.jpg,4,Woman,94.71696615219116,happy,99.84157680520872,37,2025-05-07 23:06:11,2022,5
2022_face_00004.jpg,5,Man,98.71301054954527,happy,93.3899462223053,38,2025-05-07 23:06:12,2022,5
2022_face_00005.jpg,6,Man,99.92863535881042,neutral,66.39613509178162,31,2025-05-07 23:06:12,2022,4
2022_face_00006.jpg,7,Woman,99.58264231681824,neutral,33.83850157260895,34,2025-05-07 23:06:13,2022,4
2022_face_00007.jpg,8,Man,99.9566614627838,happy,99.9986946582016,41,2025-05-07 23:06:13,2022,5
2022_face_00008.jpg,9,Woman,99.78846907615662,happy,99.52617883682252,33,2025-05-07 23:06:14,2022,5
2022_face_00009.jpg,10,Man,99.93304014205933,happy,98.697191321515,29,2025-05-07 23:06:14,2022,5
2022_face_00010.jpg,11,Man,99.85970854759216,sad,63.74988935887154,34,2025-05-07 23:06:15,2022,3
2022_face_00011.jpg,12,Man,99.99297857284546,happy,99.9970316886902,24,2025-05-07 23:06:15,2022,5
2022_face_00012.jpg,13,Man,99.7570812702179,sad,99.79103802389132,38,2025-05-07 23:06:16,2022,3
2022_face_00013.jpg,14,Man,99.97506737709044,happy,52.83370614051819,31,2025-05-07 23:06:16,2022,5
2022_face_00014.jpg,15,Man,97.07889556884766,happy,99.72780346870422,50,2025-05-07 23:06:17,2022,5
2022_face_00015.jpg,16,Man,99.90594983100893,happy,56.75434470176697,40,2025-05-07 23:06:17,2022,5
2022_face_00016.jpg,17,Man,99.73061084747314,happy,98.8214373588562,41,2025-05-07 23:06:18,2022,5
2022_face_00017.jpg,18,Man,98.49034547805786,neutral,87.91451454162598,34,2025-05-07 23:06:18,2022,4
2022_face_00018.jpg,19,Man,79.19517755508423,happy,99.9406933855184,39,2025-05-07 23:06:19,2022,5
2022_face_00019.jpg,20,Woman,62.20977902412415,happy,99.83261227607728,35,2025-05-07 23:06:19,2022,5
2022_face_00020.jpg,21,Woman,99.77622032165527,happy,99.1429029873494,35,2025-05-07 23:06:19,2022,5
2022_face_00021.jpg,22,Woman,96.70311212539671,happy,97.25207686424255,34,2025-05-07 23:06:20,2022,5
2022_face_00022.jpg,23,Woman,79.55234050750732,happy,88.69878649711609,39,2025-05-07 23:06:20,2022,5
2022_face_00023.jpg,24,Woman,96.90371751785278,,49.08552456921632,34,2025-05-07 23:06:21,2022,0
2022_face_00024.jpg,25,Woman,97.8937566280365,happy,99.9994039536233,41,2025-05-07 23:06:21,2022,5
2022_face_00025.jpg,26,Woman,99.36933517456056,happy,99.99889135373934,39,2025-05-07 23:06:22,2022,5
2022_face_00026.jpg,27,Woman,66.28884673118591,neutral,36.39506101608277,37,2025-05-07 23:06:22,2022,4
2022_face_00027.jpg,28,Man,89.34082984924316,surprise,50.9380042552948,39,2025-05-07 23:06:23,2022,6
2022_face_00028.jpg,29,Man,95.67838311195374,sad,97.59805202484132,43,2025-05-07 23:06:23,2022,3
2022_face_00029.jpg,30,Woman,76.59065127372742,happy,97.189885210388,33,2025-05-07 23:06:24,2022,5
2022_face_00030.jpg,31,Man,99.63823556900024,sad,99.97904896736144,35,2025-05-07 23:06:24,2022,3
2022_face_00031.jpg,32,Man,99.67063069343568,neutral,71.14078746547848,39,2025-05-07 23:06:25,2022,4
2022_face_00032.jpg,33,Man,96.34824395179749,angry,83.26010504485428,33,2025-05-07 23:06:25,2022,2
2022_face_00033.jpg,34,Man,99.90922212600708,neutral,64.86171274553017,38,2025-05-07 23:06:26,2022,4
2022_face_00034.jpg,35,Man,89.98689651489258,sad,93.07274900999676,34,2025-05-07 23:06:26,2022,3
2022_face_00035.jpg,36,Man,99.9658703804016,angry,98.94455075263976,32,2025-05-07 23:06:26,2022,2
2022_face_00036.jpg,37,Man,88.45136165618896,angry,75.82319378852844,27,2025-05-07 23:06:27,2022,2
2022_face_00037.jpg,38,Man,99.99359846115112,,94.69851851463318,33,2025-05-07 23:06:27,2022,0
2022_face_00038.jpg,39,Woman,89.93096947669983,neutral,50.9901762008667,29,2025-05-07 23:06:28,2022,4
2022_face_00039.jpg,40,Man,99.83250498771667,angry,99.85426666089694,30,2025-05-07 23:06:28,2022,2
2022_face_00040.jpg,41,Woman,99.99053478240968,neutral,81.12239241600037,33,2025-05-07 23:06:29,2022,4
2022_face_00041.jpg,42,Man,99.10751581192017,neutral,82.49626755714417,27,2025-05-07 23:06:29,2022,4
2022_face_00042.jpg,43,Man,93.60610246658324,sad,98.60961428937998,33,2025-05-07 23:06:30,2022,3
2022_face_00043.jpg,44,Man,99.99581575393675,neutral,77.79741287231445,33,2025-05-07 23:06:30,2022,4
2022_face_00044.jpg,45,Woman,97.67087697982788,sad,47.59901165962219,31,2025-05-07 23:06:31,2022,3
2022_face_00045.jpg,46,Man,87.64746189117432,sad,99.9275267124176,29,2025-05-07 23:06:31,2022,3
2022_face_00046.jpg,47,Man,90.49134254455566,sad,99.93171691894533,38,2025-05-07 23:06:32,2022,3
2022_face_00047.jpg,48,Man,80.28891682624817,angry,57.64249310746748,34,2025-05-07 23:06:32,2022,2
2022_face_00048.jpg,49,Man,50.025540590286255,happy,97.16243181676484,37,2025-05-07 23:06:33,2022,5
2022_face_00049.jpg,50,Man,79.35615181922913,happy,91.54105186462402,35,2025-05-07 23:06:33,2022,5
2022_face_00050.jpg,51,Man,95.35984396934508,happy,99.99999403953515,38,2025-05-07 23:06:34,2022,5
2022_face_00051.jpg,52,Man,80.15125393867493,happy,99.5527624817349,35,2025-05-07 23:06:34,2022,5
2022_face_00052.jpg,53,Woman,74.33183193206787,happy,43.08057427406311,31,2025-05-07 23:06:34,2022,5
2022_face_00053.jpg,54,Woman,91.25495553016664,neutral,42.03570783138275,28,2025-05-07 23:06:35,2022,4
2022_face_00054.jpg,55,Man,69.19007897377014,happy,100.0,40,2025-05-07 23:06:35,2022,5
2022_face_00055.jpg,56,Man,99.12585616111755,happy,88.47528558674878,32,2025-05-07 23:06:36,2022,5
2022_face_00056.jpg,57,Man,96.33559584617616,neutral,90.89935421943665,34,2025-05-07 23:06:36,2022,4
2022_face_00057.jpg,58,Man,96.7729926109314,neutral,92.19768047332764,30,2025-05-07 23:06:37,2022,4
2022_face_00058.jpg,59,Man,99.39436316490172,neutral,51.32673978805542,36,2025-05-07 23:06:37,2022,4
2022_face_00059.jpg,60,Man,99.20039772987366,neutral,88.73919777507768,39,2025-05-07 23:06:38,2022,4
2022_face_00060.jpg,61,Man,98.89357686042786,sad,92.8955563431315,32,2025-05-07 23:06:38,2022,3
2022_face_00061.jpg,62,Man,98.19108843803406,happy,99.42508935928343,41,2025-05-07 23:06:39,2022,5
2022_face_00062.jpg,63,Man,92.60138869285583,happy,95.17355022745726,40,2025-05-07 23:06:39,2022,5
2022_face_00063.jpg,64,Man,98.83009791374208,sad,86.58908009529114,36,2025-05-07 23:06:40,2022,3
2022_face_00064.jpg,65,Man,93.45895051956175,neutral,58.64964477119712,29,2025-05-07 23:06:40,2022,4
2022_face_00065.jpg,66,Woman,64.84426259994507,happy,99.97519850730896,33,2025-05-07 23:06:41,2022,5
2022_face_00066.jpg,67,Man,99.17696714401244,,48.575702479397954,32,2025-05-07 23:06:41,2022,0
2022_face_00067.jpg,68,Man,98.93223643302916,happy,99.9998927116394,41,2025-05-07 23:06:42,2022,5
2022_face_00068.jpg,69,Man,67.551189661026,sad,62.12138533592224,33,2025-05-07 23:06:42,2022,3
2022_face_00069.jpg,70,Man,97.11978435516356,sad,98.95253193944312,30,2025-05-07 23:06:43,2022,3
2022_face_00070.jpg,71,Man,66.7148232460022,sad,55.12301921844482,39,2025-05-07 23:06:43,2022,3
2022_face_00071.jpg,72,Man,68.72825026512146,neutral,99.9038100357282,43,2025-05-07 23:06:44,2022,4
2022_face_00072.jpg,73,Man,92.42485165596008,sad,98.57807150948474,32,2025-05-07 23:06:44,2022,3
2022_face_00073.jpg,74,Man,99.74852800369264,happy,99.80896710210844,30,2025-05-07 23:06:45,2022,5
2022_face_00074.jpg,75,Man,97.94749021530151,neutral,84.41586494445801,34,2025-05-07 23:06:45,2022,4
2022_face_00075.jpg,76,Man,60.25899052619934,neutral,97.3153053114,34,2025-05-07 23:06:46,2022,4
2022_face_00076.jpg,77,Woman,99.92135763168336,happy,65.45660495758057,30,2025-05-07 23:06:46,2022,5
2022_face_00077.jpg,78,Man,72.46395349502563,neutral,97.95447575774644,28,2025-05-07 23:06:47,2022,4
2022_face_00078.jpg,79,Man,99.36962723731996,sad,62.58317232131958,27,2025-05-07 23:06:47,2022,3
2022_face_00079.jpg,80,Man,68.23289394378662,angry,83.32403302192688,37,2025-05-07 23:06:48,2022,2
2022_face_00080.jpg,81,Woman,99.99996423721312,neutral,42.80335562249157,38,2025-05-07 23:06:48,2022,4
2022_face_00081.jpg,82,Man,93.68969202041626,neutral,45.19745111465454,41,2025-05-07 23:06:49,2022,4
2022_face_00082.jpg,83,Man,90.77902436256409,sad,98.74022618052648,39,2025-05-07 23:06:50,2022,3
2022_face_00083.jpg,84,Man,94.74251866340636,happy,99.26337599754332,45,2025-05-07 23:06:50,2022,5
2022_face_00084.jpg,85,Man,97.27024435997008,,60.385388135910034,48,2025-05-07 23:06:51,2022,0
2022_face_00085.jpg,86,Man,60.51373481750488,happy,97.794061767701,38,2025-05-07 23:06:51,2022,5
2022_face_00086.jpg,87,Man,99.59014058113098,sad,94.213205575943,32,2025-05-07 23:06:52,2022,3
2022_face_00087.jpg,88,Man,87.3723566532135,neutral,78.39405407870139,33,2025-05-07 23:06:52,2022,4
2022_face_00088.jpg,89,Man,94.3196952342987,sad,32.48984902976144,27,2025-05-07 23:06:53,2022,3
2022_face_00089.jpg,90,Man,99.54212307929993,happy,99.87002611160278,36,2025-05-07 23:06:53,2022,5
2022_face_00090.jpg,91,Man,99.9257504940033,angry,95.13004422187804,33,2025-05-07 23:06:53,2022,2
2022_face_00091.jpg,92,Man,99.541437625885,happy,40.128778822945286,43,2025-05-07 23:06:54,2022,5
2022_face_00092.jpg,93,Man,99.9670147895813,sad,44.58431303501129,36,2025-05-07 23:06:54,2022,3
2022_face_00093.jpg,94,Woman,99.49240684509276,happy,98.64741555734966,30,2025-05-07 23:06:55,2022,5
2022_face_00094.jpg,95,Man,98.57885241508484,sad,82.63914585113525,26,2025-05-07 23:06:55,2022,3
2022_face_00095.jpg,96,Man,99.23365712165833,happy,90.768616841353,32,2025-05-07 23:06:56,2022,5
2022_face_00096.jpg,97,Man,99.52837824821472,sad,99.36453104019164,42,2025-05-07 23:06:56,2022,3
2022_face_00097.jpg,98,Man,91.21050238609314,happy,67.80443595674252,34,2025-05-07 23:06:57,2022,5
2022_face_00098.jpg,99,Woman,99.99243021011353,happy,99.9717712385518,33,2025-05-07 23:06:57,2022,5
2022_face_00099.jpg,100,Man,99.84941482543944,neutral,57.97393918037415,30,2025-05-07 23:06:58,2022,4
2022_face_00100.jpg,101,Man,99.88003969192503,neutral,68.06910634040833,36,2025-05-07 23:06:58,2022,4
2022_face_00101.jpg,102,Man,99.1643488407135,neutral,50.06862878799439,44,2025-05-07 23:06:59,2022,4
2022_face_00102.jpg,103,Man,51.317161321640015,neutral,62.24183440208435,30,2025-05-07 23:06:59,2022,4
2022_face_00103.jpg,104,Man,98.92794489860536,sad,77.43811472881524,39,2025-05-07 23:07:00,2022,3
2022_face_00104.jpg,105,Man,95.01234889030457,sad,99.9998688697815,26,2025-05-07 23:07:00,2022,3
2022_face_00105.jpg,106,Man,96.8649685382843,neutral,70.88174223899841,29,2025-05-07 23:07:01,2022,4
2022_face_00106.jpg,107,Man,98.49596619606018,happy,100.0,37,2025-05-07 23:07:01,2022,5
2022_face_00107.jpg,108,Woman,99.0624725818634,happy,94.12098526954652,36,2025-05-07 23:07:02,2022,5
2022_face_00108.jpg,109,Woman,99.80151653289796,happy,98.2298731803894,36,2025-05-07 23:07:03,2022,5
2022_face_00109.jpg,110,Man,99.92756247520448,neutral,95.0894540441687,41,2025-05-07 23:07:03,2022,4
2022_face_00110.jpg,111,Man,97.86378741264345,happy,99.99943971633913,38,2025-05-07 23:07:04,2022,5
2022_face_00111.jpg,112,Man,99.31219220161438,neutral,66.7873203754425,34,2025-05-07 23:07:04,2022,4
2022_face_00112.jpg,113,Man,99.03057813644408,happy,96.37306885398256,34,2025-05-07 23:07:05,2022,5
2022_face_00113.jpg,114,Man,81.7379891872406,sad,52.54550576210022,39,2025-05-07 23:07:05,2022,3
2022_face_00114.jpg,115,Woman,70.07798552513123,sad,98.9787220954895,29,2025-05-07 23:07:06,2022,3
2022_face_00115.jpg,116,Man,61.71902418136597,happy,99.8078465461731,33,2025-05-07 23:07:06,2022,5
2022_face_00116.jpg,117,Man,96.01800441741943,sad,93.5781180858612,26,2025-05-07 23:07:07,2022,3
2022_face_00117.jpg,118,Man,98.28574657440186,sad,97.81590700149536,34,2025-05-07 23:07:08,2022,3
2022_face_00118.jpg,119,Woman,94.39685940742493,neutral,94.16532516479492,27,2025-05-07 23:07:08,2022,4
2022_face_00119.jpg,120,Man,89.62531089782715,neutral,97.02224713696522,28,2025-05-07 23:07:09,2022,4
2022_face_00120.jpg,121,Man,98.96055459976196,,32.99589061786048,29,2025-05-07 23:07:09,2022,0
2022_face_00121.jpg,122,Man,95.8835244178772,angry,46.811819076538086,34,2025-05-07 23:07:10,2022,2
2022_face_00122.jpg,123,Man,87.94000148773193,,79.4821560382843,31,2025-05-07 23:07:10,2022,0
2022_face_00123.jpg,124,Man,91.0389482975006,sad,99.99265670776369,27,2025-05-07 23:07:11,2022,3
2022_face_00124.jpg,125,Man,99.55770969390868,sad,99.99419450759888,34,2025-05-07 23:07:11,2022,3
2022_face_00125.jpg,126,Man,88.04199695587158,angry,85.45264005661011,25,2025-05-07 23:07:11,2022,2
2022_face_00126.jpg,127,Man,55.68404197692871,sad,89.30487632751465,37,2025-05-07 23:07:12,2022,3
2022_face_00127.jpg,128,Woman,77.32390761375427,neutral,91.44834876060486,36,2025-05-07 23:07:12,2022,4
2022_face_00128.jpg,129,Man,99.99895095825195,neutral,85.77132140227087,36,2025-05-07 23:07:13,2022,4
2022_face_00129.jpg,130,Man,99.90166425704956,neutral,96.41026301261628,32,2025-05-07 23:07:13,2022,4
2022_face_00130.jpg,131,Man,99.99687671661376,,68.6287861245147,31,2025-05-07 23:07:14,2022,0
2022_face_00131.jpg,132,Woman,99.85750913619997,neutral,99.97261762455808,39,2025-05-07 23:07:14,2022,4
2022_face_00132.jpg,133,Man,97.6965069770813,angry,96.96157556543204,43,2025-05-07 23:07:15,2022,2
2022_face_00133.jpg,134,Man,99.99761581420898,sad,50.25981068611145,37,2025-05-07 23:07:15,2022,3
2022_face_00134.jpg,135,Man,99.98598098754884,happy,96.89129628046796,30,2025-05-07 23:07:16,2022,5
2022_face_00135.jpg,136,Man,99.9467432498932,neutral,99.91859197131348,33,2025-05-07 23:07:16,2022,4
2022_face_00136.jpg,137,Man,99.98761415481567,neutral,82.8628202840304,40,2025-05-07 23:07:17,2022,4
2022_face_00137.jpg,138,Man,96.11992835998537,neutral,99.48780536651611,39,2025-05-07 23:07:17,2022,4
2022_face_00138.jpg,139,Man,99.31833148002625,angry,78.4075366501532,27,2025-05-07 23:07:18,2022,2
2022_face_00139.jpg,140,Woman,98.56939911842346,neutral,85.40003299713135,38,2025-05-07 23:07:18,2022,4
2022_face_00140.jpg,141,Man,99.9213695526123,,97.00142109411014,33,2025-05-07 23:07:18,2022,0
2022_face_00141.jpg,142,Man,99.947589635849,neutral,93.85905229205204,31,2025-05-07 23:07:19,2022,4
2022_face_00142.jpg,143,Man,99.9991536140442,happy,99.17399883270264,35,2025-05-07 23:07:19,2022,5
2022_face_00143.jpg,144,Man,98.96082282066344,happy,37.32308669823925,34,2025-05-07 23:07:20,2022,5
2022_face_00144.jpg,145,Man,99.93005990982056,angry,67.47827529907227,39,2025-05-07 23:07:20,2022,2
2022_face_00145.jpg,146,Man,99.78935122489928,happy,99.9999463558165,33,2025-05-07 23:07:21,2022,5
2022_face_00146.jpg,147,Man,99.93973970413208,neutral,76.78114175796509,38,2025-05-07 23:07:21,2022,4
2022_face_00147.jpg,148,Man,99.95100498199464,sad,87.76979592206527,35,2025-05-07 23:07:22,2022,3
2022_face_00148.jpg,149,Woman,59.32931303977966,happy,99.55262541770936,33,2025-05-07 23:07:22,2022,5
2022_face_00149.jpg,150,Man,99.94412064552309,neutral,81.76625588342478,40,2025-05-07 23:07:23,2022,4
2022_face_00150.jpg,151,Man,95.75350880622864,happy,99.99845027942058,35,2025-05-07 23:07:23,2022,5
2022_face_00151.jpg,152,Man,99.98921155929564,neutral,68.00479292869568,37,2025-05-07 23:07:24,2022,4
2022_face_00152.jpg,153,Woman,99.80422258377077,happy,97.62152433395386,39,2025-05-07 23:07:24,2022,5
2022_face_00153.jpg,154,Woman,99.85806941986084,happy,98.78130555152892,36,2025-05-07 23:07:25,2022,5
2022_face_00154.jpg,155,Man,68.45998167991638,neutral,56.77769184112549,39,2025-05-07 23:07:25,2022,4
2022_face_00155.jpg,156,Man,99.58868622779846,happy,95.31080722808838,35,2025-05-07 23:07:25,2022,5
2022_face_00156.jpg,157,Man,98.1568694114685,happy,98.71833324432372,30,2025-05-07 23:07:26,2022,5
2022_face_00157.jpg,158,Man,94.78513598442078,happy,99.9330520709691,41,2025-05-07 23:07:26,2022,5
2022_face_00158.jpg,159,Man,97.84318804740906,happy,98.91513586044312,37,2025-05-07 23:07:27,2022,5
2022_face_00159.jpg,160,Man,99.84040856361388,happy,99.728739293964,34,2025-05-07 23:07:27,2022,5
2022_face_00160.jpg,161,Man,54.26270365715027,happy,99.7200190854084,42,2025-05-07 23:07:28,2022,5
2022_face_00161.jpg,162,Man,93.5662031173706,happy,95.1599714255316,30,2025-05-07 23:07:28,2022,5
2022_face_00162.jpg,163,Woman,59.39266681671143,happy,96.25821709632874,32,2025-05-07 23:07:29,2022,5
2022_face_00163.jpg,164,Man,99.99992847442628,happy,99.9887228012085,42,2025-05-07 23:07:29,2022,5
2022_face_00164.jpg,165,Man,99.17114973068236,sad,99.99728798850109,55,2025-05-07 23:07:30,2022,3
2022_face_00165.jpg,166,Man,99.49228167533876,sad,98.35925082674632,36,2025-05-07 23:07:30,2022,3
2022_face_00166.jpg,167,Man,65.15640020370483,sad,90.892396728825,32,2025-05-07 23:07:31,2022,3
2022_face_00167.jpg,168,Man,96.59916758537292,angry,44.70668999592602,32,2025-05-07 23:07:31,2022,2
2022_face_00168.jpg,169,Man,97.09280729293825,sad,93.44433028169507,41,2025-05-07 23:07:32,2022,3
2022_face_00169.jpg,170,Man,99.34418201446532,,86.7315411567688,33,2025-05-07 23:07:32,2022,0
2022_face_00170.jpg,171,Man,99.36261177062988,sad,97.42262363433838,31,2025-05-07 23:07:32,2022,3
2022_face_00171.jpg,172,Man,95.85607647895812,sad,97.76257872581482,34,2025-05-07 23:07:33,2022,3
2022_face_00172.jpg,173,Man,79.70569133758545,sad,83.41450691223145,33,2025-05-07 23:07:33,2022,3
2022_face_00173.jpg,174,Man,93.01795959472656,,61.670660972595215,37,2025-05-07 23:07:34,2022,0
2022_face_00174.jpg,175,Woman,97.35209345817566,neutral,62.634408473968506,33,2025-05-07 23:07:34,2022,4
2022_face_00175.jpg,176,Man,99.99947547912598,happy,99.89842773694662,33,2025-05-07 23:07:35,2022,5
2023_face_00000.jpg,1,Man,99.98420476913452,angry,41.09213650226593,32,2025-05-07 23:07:37,2023,2
2023_face_00001.jpg,2,Woman,99.45604205131532,neutral,86.74347996711731,30,2025-05-07 23:07:37,2023,4
2023_face_00002.jpg,3,Man,99.99539852142334,neutral,56.421834230422974,23,2025-05-07 23:07:38,2023,4
2023_face_00003.jpg,4,Woman,99.7614860534668,happy,99.99817013729631,30,2025-05-07 23:07:38,2023,5
2023_face_00004.jpg,5,Woman,99.83816146850586,neutral,92.64345721265418,27,2025-05-07 23:07:39,2023,4
2023_face_00005.jpg,6,Woman,99.99428987503052,happy,99.96919632325216,47,2025-05-07 23:07:39,2023,5
2023_face_00006.jpg,7,Woman,95.4674482345581,happy,95.37460803985596,32,2025-05-07 23:07:40,2023,5
2023_face_00007.jpg,8,Man,99.98836517333984,angry,99.9974489212036,29,2025-05-07 23:07:40,2023,2
2023_face_00008.jpg,9,Woman,99.30753707885742,neutral,99.53553676605225,28,2025-05-07 23:07:40,2023,4
2023_face_00009.jpg,10,Man,99.97463822364809,neutral,70.48827829887142,38,2025-05-07 23:07:41,2023,4
2023_face_00010.jpg,11,Man,99.94683861732484,happy,69.25081014633179,29,2025-05-07 23:07:41,2023,5
2023_face_00011.jpg,12,Woman,99.99998807907104,happy,97.44558915171558,39,2025-05-07 23:07:42,2023,5
2023_face_00012.jpg,13,Woman,99.9721109867096,happy,52.76484489440918,33,2025-05-07 23:07:42,2023,5
2023_face_00013.jpg,14,Man,99.91856217384338,sad,76.20330736597688,29,2025-05-07 23:07:43,2023,3
2023_face_00014.jpg,15,Man,99.9493956565857,neutral,70.12969255447388,28,2025-05-07 23:07:43,2023,4
2023_face_00015.jpg,16,Man,99.99443292617798,neutral,90.03270149620789,28,2025-05-07 23:07:44,2023,4
2023_face_00016.jpg,17,Woman,99.96887445449828,happy,91.5625274181366,26,2025-05-07 23:07:44,2023,5
2023_face_00017.jpg,18,Man,99.94482398033142,angry,58.23044082755556,33,2025-05-07 23:07:45,2023,2
2023_face_00018.jpg,19,Woman,91.06847643852234,happy,99.99942183491122,30,2025-05-07 23:07:45,2023,5
2023_face_00019.jpg,20,Man,99.506938457489,happy,99.59025979042052,27,2025-05-07 23:07:46,2023,5
2023_face_00020.jpg,21,Man,99.89616870880128,happy,99.80260729789734,30,2025-05-07 23:07:46,2023,5
2023_face_00021.jpg,22,Man,99.64840412139893,happy,94.95889544487,23,2025-05-07 23:07:47,2023,5
2023_face_00022.jpg,23,Woman,97.71275520324708,happy,89.23038244247437,23,2025-05-07 23:07:47,2023,5
2023_face_00023.jpg,24,Man,99.98217225074768,happy,98.67368356303172,34,2025-05-07 23:07:47,2023,5
2023_face_00024.jpg,25,Man,99.99903440475464,happy,93.1410789489746,25,2025-05-07 23:07:48,2023,5
2023_face_00025.jpg,26,Man,99.12678599357604,happy,57.33787417411804,43,2025-05-07 23:07:48,2023,5
2023_face_00026.jpg,27,Man,99.96707439422607,happy,99.91757273674013,30,2025-05-07 23:07:49,2023,5
2023_face_00027.jpg,28,Man,66.22437238693237,,95.54688307922382,28,2025-05-07 23:07:49,2023,0
2023_face_00028.jpg,29,Woman,99.42917823791504,happy,99.58233234777047,45,2025-05-07 23:07:50,2023,5
2023_face_00029.jpg,30,Man,99.98583793640135,happy,98.20415366912805,24,2025-05-07 23:07:50,2023,5
2023_face_00030.jpg,31,Man,99.9967098236084,happy,99.99708533269676,26,2025-05-07 23:07:51,2023,5
2023_face_00031.jpg,32,Man,99.99833106994627,neutral,54.35639619827271,34,2025-05-07 23:07:51,2023,4
2023_face_00032.jpg,33,Woman,99.91353154182434,sad,97.7148950099945,31,2025-05-07 23:07:52,2023,3
2023_face_00033.jpg,34,Woman,51.248717308044434,happy,84.09141302108765,38,2025-05-07 23:07:52,2023,5
2023_face_00034.jpg,35,Man,93.42809915542604,sad,99.5321810245514,38,2025-05-07 23:07:52,2023,3
2023_face_00035.jpg,36,Man,58.27319025993347,sad,52.55643755870313,40,2025-05-07 23:07:53,2023,3
2023_face_00036.jpg,37,Woman,60.58061718940735,sad,86.40132546424866,35,2025-05-07 23:07:53,2023,3
2023_face_00037.jpg,38,Man,93.03611516952516,sad,62.64595834661026,30,2025-05-07 23:07:54,2023,3
2023_face_00038.jpg,39,Man,97.69590497016908,,87.44787573814392,27,2025-05-07 23:07:54,2023,0
2023_face_00039.jpg,40,Man,99.01800155639648,neutral,74.03740882873535,34,2025-05-07 23:07:55,2023,4
2023_face_00040.jpg,41,Woman,61.38677000999451,happy,98.31929226883742,47,2025-05-07 23:07:55,2023,5
2023_face_00041.jpg,42,Woman,99.53017234802246,happy,93.13834987421632,28,2025-05-07 23:07:56,2023,5
2023_face_00042.jpg,43,Man,63.32333087921143,neutral,52.70564556121826,35,2025-05-07 23:07:56,2023,4
2023_face_00043.jpg,44,Man,73.8821029663086,angry,45.86341381072998,31,2025-05-07 23:07:57,2023,2
2023_face_00044.jpg,45,Man,94.19068098068236,neutral,99.68157410621644,33,2025-05-07 23:07:57,2023,4
2023_face_00045.jpg,46,Man,99.1456925868988,neutral,99.38573833618987,36,2025-05-07 23:07:58,2023,4
2023_face_00046.jpg,47,Man,99.76231455802916,happy,88.29751541003677,36,2025-05-07 23:07:58,2023,5
2023_face_00047.jpg,48,Man,99.57423806190492,,79.7018790600444,39,2025-05-07 23:07:59,2023,0
2023_face_00048.jpg,49,Man,98.43891263008118,sad,81.5548994010567,29,2025-05-07 23:07:59,2023,3
2023_face_00049.jpg,50,Woman,78.22338938713074,neutral,83.57911705970764,32,2025-05-07 23:08:00,2023,4
2023_face_00050.jpg,51,Man,89.85340595245361,,97.08787798881532,34,2025-05-07 23:08:00,2023,0
2023_face_00051.jpg,52,Man,98.68762493133544,sad,98.05288303213617,34,2025-05-07 23:08:01,2023,3
2023_face_00052.jpg,53,Man,95.65192461013794,sad,49.55847859382629,29,2025-05-07 23:08:01,2023,3
2023_face_00053.jpg,54,Man,83.6739718914032,angry,48.8503634929657,29,2025-05-07 23:08:02,2023,2
2023_face_00054.jpg,55,Man,97.18148708343506,happy,99.99884963028728,36,2025-05-07 23:08:02,2023,5
2023_face_00055.jpg,56,Man,99.81740713119508,neutral,99.9897599220276,36,2025-05-07 23:08:02,2023,4
2023_face_00056.jpg,57,Woman,89.82798457145691,neutral,66.60491625099876,36,2025-05-07 23:08:03,2023,4
2023_face_00057.jpg,58,Man,89.18702006340027,happy,98.88029681209288,39,2025-05-07 23:08:03,2023,5
2023_face_00058.jpg,59,Woman,85.21904349327087,happy,97.12657928466795,34,2025-05-07 23:08:04,2023,5
2023_face_00059.jpg,60,Man,99.46367144584656,angry,98.34563136100768,30,2025-05-07 23:08:04,2023,2
2023_face_00060.jpg,61,Man,86.37744784355164,neutral,58.91644358634949,45,2025-05-07 23:08:05,2023,4
2023_face_00061.jpg,62,Man,50.55361390113831,sad,99.05028343200684,31,2025-05-07 23:08:05,2023,3
2023_face_00062.jpg,63,Man,75.33628344535828,neutral,68.13143491744995,32,2025-05-07 23:08:06,2023,4
2023_face_00063.jpg,64,Man,93.94429922103882,neutral,76.154625415802,41,2025-05-07 23:08:06,2023,4
2023_face_00064.jpg,65,Woman,95.01186609268188,neutral,68.4485375881195,32,2025-05-07 23:08:07,2023,4
2023_face_00065.jpg,66,Woman,99.99239444732666,happy,99.84448552131651,29,2025-05-07 23:08:07,2023,5
2023_face_00066.jpg,67,Man,71.82056903839111,,66.6590690612793,31,2025-05-07 23:08:08,2023,0
2023_face_00067.jpg,68,Man,99.96222257614136,,54.518693685531616,29,2025-05-07 23:08:08,2023,0
2023_face_00068.jpg,69,Man,99.98667240142822,happy,100.0,37,2025-05-07 23:08:08,2023,5
2023_face_00069.jpg,70,Woman,99.86636638641356,,86.92657351493835,35,2025-05-07 23:08:09,2023,0
2023_face_00070.jpg,71,Woman,73.30056428909302,neutral,55.30503392219544,39,2025-05-07 23:08:09,2023,4
2023_face_00071.jpg,72,Man,98.32558631896973,sad,99.96417760849,29,2025-05-07 23:08:10,2023,3
2023_face_00072.jpg,73,Man,98.35469722747804,sad,77.88081501493633,32,2025-05-07 23:08:10,2023,3
2023_face_00073.jpg,74,Man,99.92033839225768,neutral,93.1808765638397,40,2025-05-07 23:08:11,2023,4
2023_face_00074.jpg,75,Man,99.8543381690979,neutral,98.45919013023376,37,2025-05-07 23:08:11,2023,4
2023_face_00075.jpg,76,Man,99.6827781200409,,63.994407653808594,29,2025-05-07 23:08:12,2023,0
2023_face_00076.jpg,77,Man,99.99762773513794,sad,56.00850582122803,32,2025-05-07 23:08:12,2023,3
2023_face_00077.jpg,78,Man,52.73836851119995,happy,93.8684936683472,34,2025-05-07 23:08:13,2023,5
2023_face_00078.jpg,79,Man,95.32870650291444,angry,99.10219311714172,33,2025-05-07 23:08:13,2023,2
2023_face_00079.jpg,80,Man,66.92867875099182,sad,99.98772144317628,30,2025-05-07 23:08:14,2023,3
2023_face_00080.jpg,81,Man,93.51857900619508,neutral,80.63728213310242,34,2025-05-07 23:08:14,2023,4
2023_face_00081.jpg,82,Man,98.24967980384828,sad,100.0,32,2025-05-07 23:08:15,2023,3
2023_face_00082.jpg,83,Man,99.3643283843994,happy,99.99996423721312,36,2025-05-07 23:08:15,2023,5
2023_face_00083.jpg,84,Woman,99.99972581863403,angry,82.40066170692444,32,2025-05-07 23:08:16,2023,2
2023_face_00084.jpg,85,Woman,99.41673278808594,happy,100.0,37,2025-05-07 23:08:16,2023,5
2023_face_00085.jpg,86,Man,98.07703495025636,,65.66668134928013,37,2025-05-07 23:08:16,2023,0
2023_face_00086.jpg,87,Man,99.87140893936156,neutral,67.41725206375122,39,2025-05-07 23:08:17,2023,4
2023_face_00087.jpg,88,Man,64.56683874130249,sad,47.006720304489136,31,2025-05-07 23:08:17,2023,3
2023_face_00088.jpg,89,Man,53.74359488487244,sad,97.69478426544572,32,2025-05-07 23:08:18,2023,3
2023_face_00089.jpg,90,Woman,71.96929454803467,happy,99.94811415672302,43,2025-05-07 23:08:18,2023,5
2023_face_00090.jpg,91,Man,98.8797128200531,happy,98.96978133736738,39,2025-05-07 23:08:19,2023,5
2023_face_00091.jpg,92,Woman,99.9862551689148,happy,80.17513155937195,39,2025-05-07 23:08:19,2023,5
2023_face_00092.jpg,93,Woman,99.98642206192017,happy,90.3524100780487,30,2025-05-07 23:08:20,2023,5
2023_face_00093.jpg,94,Man,72.148597240448,angry,47.439488768577576,33,2025-05-07 23:08:20,2023,2
2023_face_00094.jpg,95,Woman,60.20030379295349,happy,99.9999821186055,42,2025-05-07 23:08:21,2023,5
2023_face_00095.jpg,96,Man,99.921715259552,sad,50.654616990960655,35,2025-05-07 23:08:21,2023,3
2023_face_00096.jpg,97,Man,99.8485505580902,happy,80.32807111740112,35,2025-05-07 23:08:22,2023,5
2023_face_00097.jpg,98,Man,96.34661674499512,happy,99.97472762910888,30,2025-05-07 23:08:22,2023,5
2023_face_00098.jpg,99,Man,99.37031865119934,angry,84.81955113177882,32,2025-05-07 23:08:22,2023,2
2023_face_00099.jpg,100,Man,90.9488320350647,happy,99.49472546577454,37,2025-05-07 23:08:23,2023,5
2023_face_00100.jpg,101,Man,90.37604928016664,happy,93.10780722545428,36,2025-05-07 23:08:23,2023,5
2023_face_00101.jpg,102,Woman,99.41866397857666,neutral,81.98997378349304,31,2025-05-07 23:08:24,2023,4
2023_face_00102.jpg,103,Woman,97.9981005191803,happy,95.16909776102332,39,2025-05-07 23:08:24,2023,5
2023_face_00103.jpg,104,Man,94.0390408039093,sad,53.880417346954346,29,2025-05-07 23:08:25,2023,3
2023_face_00104.jpg,105,Man,86.49175763130188,,68.87115015135406,28,2025-05-07 23:08:25,2023,0
2023_face_00105.jpg,106,Man,97.33364582061768,neutral,64.9071991443634,32,2025-05-07 23:08:26,2023,4
2023_face_00106.jpg,107,Man,92.14091897010805,happy,96.09679556469892,41,2025-05-07 23:08:26,2023,5
2023_face_00107.jpg,108,Man,85.15295386314392,happy,99.41157695124012,26,2025-05-07 23:08:27,2023,5
2023_face_00108.jpg,109,Man,99.84943866729736,happy,97.32239842414856,37,2025-05-07 23:08:27,2023,5
2023_face_00109.jpg,110,Man,92.65109896659852,,46.48963850860137,41,2025-05-07 23:08:28,2023,0
2023_face_00110.jpg,111,Man,89.74713087081909,happy,76.00972652435303,32,2025-05-07 23:08:28,2023,5
2023_face_00111.jpg,112,Man,99.93999004364014,neutral,57.66857610157586,28,2025-05-07 23:08:29,2023,4
2023_face_00112.jpg,113,Man,84.37502384185791,sad,64.03607726097107,28,2025-05-07 23:08:29,2023,3
2023_face_00113.jpg,114,Man,98.38062524795532,neutral,79.79037761688232,25,2025-05-07 23:08:29,2023,4
2023_face_00114.jpg,115,Man,99.61418509483336,sad,99.72794651985168,34,2025-05-07 23:08:30,2023,3
2023_face_00115.jpg,116,Man,97.31494784355164,neutral,87.58327960968018,34,2025-05-07 23:08:30,2023,4
2023_face_00116.jpg,117,Man,99.9958038330078,happy,99.9929666519165,37,2025-05-07 23:08:31,2023,5
2023_face_00117.jpg,118,Man,99.83394145965576,happy,98.72523546218872,39,2025-05-07 23:08:31,2023,5
2023_face_00118.jpg,119,Man,99.74164962768556,happy,99.95571374629222,46,2025-05-07 23:08:32,2023,5
2023_face_00119.jpg,120,Man,94.2470133304596,angry,59.191337775667776,26,2025-05-07 23:08:32,2023,2
2023_face_00120.jpg,121,Woman,99.30034279823305,sad,96.11131548881532,43,2025-05-07 23:08:33,2023,3
2023_face_00121.jpg,122,Man,99.84816908836363,neutral,55.323368310928345,34,2025-05-07 23:08:33,2023,4
2023_face_00122.jpg,123,Man,57.24228620529175,sad,83.90337228775024,32,2025-05-07 23:08:34,2023,3
2023_face_00123.jpg,124,Man,92.89492964744568,angry,99.99771118191347,31,2025-05-07 23:08:34,2023,2
2023_face_00124.jpg,125,Man,87.69301176071167,happy,94.62582468986513,38,2025-05-07 23:08:35,2023,5
2023_face_00125.jpg,126,Man,75.28243064880371,happy,99.99047517776488,39,2025-05-07 23:08:35,2023,5
2023_face_00126.jpg,127,Man,80.03514409065247,neutral,63.58100771903992,26,2025-05-07 23:08:36,2023,4
2023_face_00127.jpg,128,Man,74.49095249176025,,63.990771770477295,38,2025-05-07 23:08:36,2023,0
2023_face_00128.jpg,129,Woman,99.97571110725404,angry,53.49821448326111,38,2025-05-07 23:08:36,2023,2
2023_face_00129.jpg,130,Woman,93.99813413619997,happy,96.7567503452301,30,2025-05-07 23:08:37,2023,5
2023_face_00130.jpg,131,Woman,99.99663829803468,neutral,64.39247131347656,41,2025-05-07 23:08:37,2023,4
2023_face_00131.jpg,132,Woman,68.16444993019104,neutral,60.91112028492931,36,2025-05-07 23:08:38,2023,4
2023_face_00132.jpg,133,Man,99.9963641166687,neutral,99.95935559757284,30,2025-05-07 23:08:38,2023,4
2023_face_00133.jpg,134,Man,99.94307160377502,happy,99.99955892562866,33,2025-05-07 23:08:39,2023,5
2023_face_00134.jpg,135,Woman,94.16472315788268,happy,99.579525044021,28,2025-05-07 23:08:39,2023,5
2023_face_00135.jpg,136,Man,84.24287438392639,happy,99.86784457372691,33,2025-05-07 23:08:40,2023,5
2023_face_00136.jpg,137,Woman,99.99923706054688,happy,99.25187826156616,32,2025-05-07 23:08:40,2023,5
2023_face_00137.jpg,138,Woman,78.18191051483154,happy,99.99868273727196,29,2025-05-07 23:08:41,2023,5
2023_face_00138.jpg,139,Woman,99.9757707118988,happy,99.47915083418478,34,2025-05-07 23:08:41,2023,5
2023_face_00139.jpg,140,Man,98.53158593177795,happy,92.71920279974954,28,2025-05-07 23:08:42,2023,5
2023_face_00140.jpg,141,Man,96.43644690513612,angry,86.88556473765163,27,2025-05-07 23:08:42,2023,2
2023_face_00141.jpg,142,Man,97.72217273712158,neutral,51.93178653717041,31,2025-05-07 23:08:43,2023,4
2023_face_00142.jpg,143,Man,93.443101644516,neutral,60.30312180519104,25,2025-05-07 23:08:43,2023,4
2023_face_00143.jpg,144,Woman,94.4458544254303,happy,97.8014349937439,31,2025-05-07 23:08:43,2023,5
2023_face_00144.jpg,145,Woman,99.99990463256836,happy,99.07368416033292,39,2025-05-07 23:08:44,2023,5
2023_face_00145.jpg,146,Man,99.97108578681946,neutral,99.46362369818968,33,2025-05-07 23:08:44,2023,4
2023_face_00146.jpg,147,Man,93.3049201965332,sad,90.75141549110413,36,2025-05-07 23:08:45,2023,3
2023_face_00147.jpg,148,Man,98.03591966629028,neutral,47.3800003528595,27,2025-05-07 23:08:45,2023,4
2023_face_00148.jpg,149,Man,99.610435962677,sad,99.97813105583192,41,2025-05-07 23:08:46,2023,3
2023_face_00149.jpg,150,Woman,72.70736694335938,,99.60774180935276,36,2025-05-07 23:08:46,2023,0
2023_face_00150.jpg,151,Woman,96.12274765968324,happy,99.97629523277284,39,2025-05-07 23:08:47,2023,5
2023_face_00151.jpg,152,Woman,99.95118379592896,sad,79.20560836791992,28,2025-05-07 23:08:47,2023,3
2023_face_00152.jpg,153,Man,98.74496459960938,neutral,99.96007084846497,37,2025-05-07 23:08:48,2023,4
2023_face_00153.jpg,154,Man,99.95706677436829,sad,98.82519841194151,32,2025-05-07 23:08:48,2023,3
2023_face_00154.jpg,155,Man,99.75651502609252,happy,99.9999821186055,46,2025-05-07 23:08:49,2023,5
2023_face_00155.jpg,156,Woman,84.29113030433655,happy,97.04149347791036,33,2025-05-07 23:08:49,2023,5
2023_face_00156.jpg,157,Man,86.947500705719,angry,99.93126391545104,30,2025-05-07 23:08:50,2023,2
2023_face_00157.jpg,158,Man,99.65742826461792,sad,32.24817129991396,28,2025-05-07 23:08:50,2023,3
2023_face_00158.jpg,159,Man,90.63700437545776,angry,99.07631278038023,31,2025-05-07 23:08:51,2023,2
2023_face_00159.jpg,160,Man,94.40646171569824,,93.1072473526001,33,2025-05-07 23:08:51,2023,0
2023_face_00160.jpg,161,Man,99.7253715991974,happy,100.0,30,2025-05-07 23:08:51,2023,5
2023_face_00161.jpg,162,Man,59.33511853218079,happy,98.39951395988464,31,2025-05-07 23:08:52,2023,5
2023_face_00162.jpg,163,Woman,99.98157620429993,happy,99.49977990983604,32,2025-05-07 23:08:52,2023,5
2023_face_00163.jpg,164,Man,99.96792078018188,happy,99.96429085518665,43,2025-05-07 23:08:53,2023,5
2023_face_00164.jpg,165,Man,99.27718043327332,happy,83.4079921245575,31,2025-05-07 23:08:53,2023,5
2023_face_00165.jpg,166,Man,89.06913995742798,happy,97.29124291486995,35,2025-05-07 23:08:54,2023,5
2024_face_00000.jpg,1,Man,96.92203402519226,angry,84.81957912445068,35,2025-05-07 23:09:03,2024,2
2024_face_00001.jpg,2,Man,86.9653046131134,,50.7013201713562,46,2025-05-07 23:09:03,2024,0
2024_face_00002.jpg,3,Man,68.45563054084778,happy,49.700105172401976,35,2025-05-07 23:09:04,2024,5
2024_face_00003.jpg,4,Man,99.42470788955688,sad,51.13703012466431,33,2025-05-07 23:09:04,2024,3
2024_face_00004.jpg,5,Man,66.30473136901855,sad,99.99943971633913,32,2025-05-07 23:09:05,2024,3
2024_face_00005.jpg,6,Man,99.9810516834259,surprise,75.47146677970886,32,2025-05-07 23:09:05,2024,6
2024_face_00006.jpg,7,Woman,99.86445307731628,happy,99.93721843514224,37,2025-05-07 23:09:06,2024,5
2024_face_00007.jpg,8,Woman,99.83752965927124,neutral,99.42288398742676,34,2025-05-07 23:09:06,2024,4
2024_face_00008.jpg,9,Man,99.19763207435608,neutral,86.19375228881836,28,2025-05-07 23:09:07,2024,4
2024_face_00009.jpg,10,Man,99.88717436790466,neutral,99.13591156769851,30,2025-05-07 23:09:07,2024,4
2024_face_00010.jpg,11,Woman,98.93430471420288,sad,60.03832578887497,48,2025-05-07 23:09:07,2024,3
2024_face_00011.jpg,12,Man,99.49086308479308,happy,60.4941725730896,42,2025-05-07 23:09:08,2024,5
2024_face_00012.jpg,13,Man,96.99852466583252,happy,96.4646339416504,42,2025-05-07 23:09:08,2024,5
2024_face_00013.jpg,14,Man,99.54556226730348,happy,99.90597367286682,32,2025-05-07 23:09:09,2024,5
2024_face_00014.jpg,15,Man,98.28312397003174,angry,99.80830549051198,43,2025-05-07 23:09:09,2024,2
2024_face_00015.jpg,16,Man,99.39965009689332,happy,75.76800584793091,38,2025-05-07 23:09:10,2024,5
2024_face_00016.jpg,17,Man,93.66658329963684,neutral,98.86929386075104,42,2025-05-07 23:09:10,2024,4
2024_face_00017.jpg,18,Man,99.92347955703735,sad,52.84023880958557,28,2025-05-07 23:09:11,2024,3
2024_face_00018.jpg,19,Man,99.24136996269226,neutral,63.479894399642944,40,2025-05-07 23:09:11,2024,4
2024_face_00019.jpg,20,Man,99.13288354873656,neutral,94.7219729423523,31,2025-05-07 23:09:12,2024,4
2024_face_00020.jpg,21,Man,99.87264275550842,happy,98.03346418935487,31,2025-05-07 23:09:12,2024,5
2024_face_00021.jpg,22,Man,62.382692098617554,neutral,99.9997615814209,35,2025-05-07 23:09:13,2024,4
2024_face_00022.jpg,23,Man,97.55316972732544,neutral,98.66358637809752,34,2025-05-07 23:09:13,2024,4
2024_face_00023.jpg,24,Man,97.88256287574768,happy,99.8920917639623,38,2025-05-07 23:09:14,2024,5
2024_face_00024.jpg,25,Man,95.1367735862732,sad,99.97327327568968,41,2025-05-07 23:09:14,2024,3
2024_face_00025.jpg,26,Man,97.9882001876831,angry,97.1068561077118,37,2025-05-07 23:09:14,2024,2
2024_face_00026.jpg,27,Man,99.09111857414246,angry,82.63022200049294,44,2025-05-07 23:09:15,2024,2
2024_face_00027.jpg,28,Man,94.11819577217102,neutral,98.98785340641182,25,2025-05-07 23:09:15,2024,4
2024_face_00028.jpg,29,Man,99.9891757965088,sad,57.35034688415211,22,2025-05-07 23:09:16,2024,3
2024_face_00029.jpg,30,Woman,99.94699358940125,neutral,66.26866459846497,25,2025-05-07 23:09:16,2024,4
2024_face_00030.jpg,31,Man,99.1894543170929,happy,99.9987304209906,32,2025-05-07 23:09:17,2024,5
2024_face_00031.jpg,32,Man,91.67627096176147,happy,92.09097027778624,35,2025-05-07 23:09:17,2024,5
2024_face_00032.jpg,33,Man,94.53763365745544,sad,56.415531421633446,39,2025-05-07 23:09:18,2024,3
2024_face_00033.jpg,34,Woman,99.9416708946228,happy,99.45526725587042,37,2025-05-07 23:09:18,2024,5
2024_face_00034.jpg,35,Woman,82.42266774177551,happy,98.74898806226396,29,2025-05-07 23:09:19,2024,5
2024_face_00035.jpg,36,Woman,99.99889135360718,neutral,40.20580766131786,45,2025-05-07 23:09:19,2024,4
2024_face_00036.jpg,37,Man,96.3181734085083,happy,98.02605509757996,30,2025-05-07 23:09:20,2024,5
2024_face_00037.jpg,38,Woman,99.63576197624208,neutral,69.67898607254028,25,2025-05-07 23:09:20,2024,4
2024_face_00038.jpg,39,Woman,73.94930124282837,happy,80.64772967384634,30,2025-05-07 23:09:21,2024,5
2024_face_00039.jpg,40,Woman,76.97855830192566,happy,98.98031347872696,24,2025-05-07 23:09:21,2024,5
2024_face_00040.jpg,41,Man,86.44114136695862,happy,87.77942207104897,38,2025-05-07 23:09:21,2024,5
2024_face_00041.jpg,42,Man,99.23766851425172,sad,74.94656890312248,39,2025-05-07 23:09:22,2024,3
2024_face_00042.jpg,43,Man,98.53155612945557,sad,94.95132535405908,41,2025-05-07 23:09:22,2024,3
2024_face_00043.jpg,44,Man,99.61876273155212,happy,73.62208805215883,48,2025-05-07 23:09:23,2024,5
2024_face_00044.jpg,45,Woman,68.61466765403748,neutral,45.66520102801335,29,2025-05-07 23:09:23,2024,4
2024_face_00045.jpg,46,Woman,93.40059161186218,happy,99.69916340102714,31,2025-05-07 23:09:24,2024,5
2024_face_00046.jpg,47,Man,99.85756874084473,neutral,97.13159799575806,30,2025-05-07 23:09:24,2024,4
2024_face_00047.jpg,48,Woman,97.83965945243835,happy,98.03005456924438,39,2025-05-07 23:09:25,2024,5
2024_face_00048.jpg,49,Woman,60.98395586013794,sad,51.485902070999146,33,2025-05-07 23:09:25,2024,3
2024_face_00049.jpg,50,Man,97.58115410804749,neutral,99.54184293746948,37,2025-05-07 23:09:26,2024,4
2024_face_00050.jpg,51,Man,96.68447375297546,sad,97.12290167808531,23,2025-05-07 23:09:26,2024,3
2024_face_00051.jpg,52,Woman,92.90883541107178,neutral,97.64209417795011,31,2025-05-07 23:09:27,2024,4
2024_face_00052.jpg,53,Man,99.98716115951538,neutral,99.57784414291382,35,2025-05-07 23:09:27,2024,4
2024_face_00053.jpg,54,Man,97.59891033172607,neutral,99.47380423545836,42,2025-05-07 23:09:28,2024,4
2024_face_00054.jpg,55,Man,81.57216906547546,sad,88.30435802366483,28,2025-05-07 23:09:28,2024,3
2024_face_00055.jpg,56,Man,82.92672634124756,neutral,60.80900430679321,37,2025-05-07 23:09:29,2024,4
2024_face_00056.jpg,57,Woman,99.73461627960204,neutral,40.47228991985321,25,2025-05-07 23:09:29,2024,4
2024_face_00057.jpg,58,Woman,99.7942864894867,,66.4133051880184,28,2025-05-07 23:09:29,2024,0
2024_face_00058.jpg,59,Woman,98.0542778968811,happy,99.99053478240968,34,2025-05-07 23:09:30,2024,5
2024_face_00059.jpg,60,Man,99.98123049736024,happy,99.994158744812,46,2025-05-07 23:09:30,2024,5
2024_face_00060.jpg,61,Woman,77.59076952934265,,90.30608534812929,23,2025-05-07 23:09:31,2024,0
2024_face_00061.jpg,62,Man,62.69869804382324,neutral,98.48020672798155,33,2025-05-07 23:09:31,2024,4
2024_face_00062.jpg,63,Man,87.0466947555542,happy,99.99783039093018,28,2025-05-07 23:09:32,2024,5
2024_face_00063.jpg,64,Woman,98.42529892921448,neutral,46.42691867672428,44,2025-05-07 23:09:32,2024,4
2024_face_00064.jpg,65,Woman,99.67371821403503,sad,92.4756953149205,31,2025-05-07 23:09:33,2024,3
2024_face_00065.jpg,66,Man,99.77733492851256,happy,51.92782592343247,45,2025-05-07 23:09:33,2024,5
2024_face_00066.jpg,67,Man,99.8728573322296,happy,98.70784282684326,39,2025-05-07 23:09:34,2024,5
2024_face_00067.jpg,68,Man,96.21257781982422,neutral,99.49005246162416,33,2025-05-07 23:09:34,2024,4
2024_face_00068.jpg,69,Man,99.96730089187622,happy,99.94664191881668,32,2025-05-07 23:09:35,2024,5
2024_face_00069.jpg,70,Man,96.90725803375244,neutral,92.44413375854492,34,2025-05-07 23:09:35,2024,4
2024_face_00070.jpg,71,Man,98.3650267124176,neutral,72.80604839324951,33,2025-05-07 23:09:36,2024,4
2024_face_00071.jpg,72,Man,99.89388585090636,sad,95.43639990308284,26,2025-05-07 23:09:36,2024,3
2024_face_00072.jpg,73,Man,99.98788833618164,happy,81.18289000886023,31,2025-05-07 23:09:37,2024,5
2024_face_00073.jpg,74,Man,99.95554089546204,happy,98.6976443168693,33,2025-05-07 23:09:37,2024,5
2024_face_00074.jpg,75,Man,50.934869050979614,happy,74.25606557654552,33,2025-05-07 23:09:37,2024,5
2024_face_00075.jpg,76,Man,89.55732583999634,,84.40220952033997,37,2025-05-07 23:09:38,2024,0
2024_face_00076.jpg,77,Man,99.96115565299988,sad,63.81329298019409,38,2025-05-07 23:09:38,2024,3
2024_face_00077.jpg,78,Man,98.01422357559204,neutral,55.56239552049583,34,2025-05-07 23:09:39,2024,4
2024_face_00078.jpg,79,Man,97.87868857383728,happy,96.36952877044678,36,2025-05-07 23:09:39,2024,5
2024_face_00079.jpg,80,Man,89.93744850158691,sad,90.90812314651927,31,2025-05-07 23:09:40,2024,3
2024_face_00080.jpg,81,Woman,92.0025646686554,happy,86.45128011703491,30,2025-05-07 23:09:40,2024,5
2024_face_00081.jpg,82,Woman,99.23507571220398,sad,67.16110706329346,37,2025-05-07 23:09:41,2024,3
2024_face_00082.jpg,83,Man,84.78184342384338,sad,96.93653023999568,24,2025-05-07 23:09:41,2024,3
2024_face_00083.jpg,84,Man,54.02513146400452,neutral,94.39035654067992,32,2025-05-07 23:09:42,2024,4
2024_face_00084.jpg,85,Man,98.75383377075195,neutral,48.80460202693939,37,2025-05-07 23:09:42,2024,4
2024_face_00085.jpg,86,Man,85.22700071334839,angry,40.61533622558877,31,2025-05-07 23:09:43,2024,2
2024_face_00086.jpg,87,Woman,97.2021996974945,neutral,53.95564985803964,30,2025-05-07 23:09:43,2024,4
2024_face_00087.jpg,88,Woman,98.0922281742096,happy,99.76943729933724,31,2025-05-07 23:09:44,2024,5
2024_face_00088.jpg,89,Man,97.67530560493468,,67.09202324247083,38,2025-05-07 23:09:44,2024,0
2024_face_00089.jpg,90,Man,81.19351863861084,,99.81968401787782,31,2025-05-07 23:09:45,2024,0
2024_face_00090.jpg,91,Man,99.96576309204102,neutral,99.95447993278503,47,2025-05-07 23:09:45,2024,4
2024_face_00091.jpg,92,Man,98.91414642333984,sad,96.98837399482728,37,2025-05-07 23:09:45,2024,3
2024_face_00092.jpg,93,Woman,50.884073972702026,sad,74.78203773498535,31,2025-05-07 23:09:46,2024,3
2024_face_00093.jpg,94,Man,82.40892291069031,sad,73.9818274974823,32,2025-05-07 23:09:46,2024,3
2024_face_00094.jpg,95,Man,82.28974342346191,neutral,37.13758587837219,23,2025-05-07 23:09:47,2024,4
2024_face_00095.jpg,96,Man,93.35247874259947,neutral,80.12213706970215,36,2025-05-07 23:09:47,2024,4
2024_face_00096.jpg,97,Woman,99.9525547027588,happy,99.8601913368816,33,2025-05-07 23:09:48,2024,5
2024_face_00097.jpg,98,Man,99.9595582485199,neutral,45.32496333122253,37,2025-05-07 23:09:48,2024,4
2024_face_00098.jpg,99,Woman,99.47336912155151,happy,92.90751218795776,32,2025-05-07 23:09:49,2024,5
2024_face_00099.jpg,100,Man,67.27374196052551,neutral,65.01625180244446,32,2025-05-07 23:09:49,2024,4
2024_face_00100.jpg,101,Man,99.58615899086,sad,82.51612990902306,28,2025-05-07 23:09:50,2024,3
2024_face_00101.jpg,102,Man,99.08825755119324,,54.716659154493705,42,2025-05-07 23:09:50,2024,0
2024_face_00102.jpg,103,Man,99.7192084789276,sad,80.289626121521,40,2025-05-07 23:09:51,2024,3
2024_face_00103.jpg,104,Woman,99.84865188598631,neutral,85.38354635238647,38,2025-05-07 23:09:51,2024,4
2024_face_00104.jpg,105,Man,99.98708963394164,neutral,67.27979779243469,38,2025-05-07 23:09:52,2024,4
2024_face_00105.jpg,106,Man,88.88736963272095,neutral,95.43188810348512,33,2025-05-07 23:09:52,2024,4
2024_face_00106.jpg,107,Man,97.6972222328186,angry,53.85614633560181,34,2025-05-07 23:09:53,2024,2
2024_face_00107.jpg,108,Man,99.15145635604858,neutral,99.44952130317688,34,2025-05-07 23:09:53,2024,4
2024_face_00108.jpg,109,Man,92.37844944000244,,81.23357519703207,30,2025-05-07 23:09:53,2024,0
2024_face_00109.jpg,110,Man,95.7771062850952,sad,98.95459407297338,36,2025-05-07 23:09:54,2024,3
2024_face_00110.jpg,111,Man,99.98326301574708,sad,99.48794841766356,45,2025-05-07 23:09:54,2024,3
2024_face_00111.jpg,112,Woman,86.79717183113098,,49.647560694668336,31,2025-05-07 23:09:55,2024,0
2024_face_00112.jpg,113,Man,93.93696784973145,sad,96.0662305355072,28,2025-05-07 23:09:55,2024,3
2024_face_00113.jpg,114,Man,75.5883276462555,neutral,99.94757772116928,33,2025-05-07 23:09:56,2024,4
2024_face_00114.jpg,115,Man,99.77115392684937,angry,66.39770269393921,36,2025-05-07 23:09:56,2024,2
2024_face_00115.jpg,116,Woman,99.92343187332152,angry,97.33033164324353,32,2025-05-07 23:09:57,2024,2
2024_face_00116.jpg,117,Man,98.7770676612854,sad,99.71502423286438,32,2025-05-07 23:09:57,2024,3
2024_face_00117.jpg,118,Man,87.06595301628113,sad,50.33552646636963,31,2025-05-07 23:09:58,2024,3
2024_face_00118.jpg,119,Man,98.63061904907228,angry,43.49731206893921,25,2025-05-07 23:09:58,2024,2
2024_face_00119.jpg,120,Man,99.58213567733765,neutral,68.69584918022156,35,2025-05-07 23:09:59,2024,4
2024_face_00120.jpg,121,Man,80.66413402557373,happy,50.49355927071328,26,2025-05-07 23:09:59,2024,5
2024_face_00121.jpg,122,Man,82.15360045433044,neutral,46.96733039422812,36,2025-05-07 23:10:00,2024,4
2024_face_00122.jpg,123,Man,99.97164607048036,happy,99.368941708677,42,2025-05-07 23:10:00,2024,5
2024_face_00123.jpg,124,Man,97.77430295944214,neutral,52.73012833178808,33,2025-05-07 23:10:00,2024,4
2024_face_00124.jpg,125,Man,99.93695616722108,happy,96.73960785505818,31,2025-05-07 23:10:01,2024,5
2024_face_00125.jpg,126,Man,99.97469782829285,happy,55.79893589019776,31,2025-05-07 23:10:01,2024,5
2024_face_00126.jpg,127,Man,99.98445510864258,happy,74.44910407066345,26,2025-05-07 23:10:02,2024,5
2024_face_00127.jpg,128,Man,99.87381100654602,happy,61.6025984287262,38,2025-05-07 23:10:02,2024,5
2024_face_00128.jpg,129,Woman,94.03091669082642,neutral,93.52708381737278,31,2025-05-07 23:10:03,2024,4
2024_face_00129.jpg,130,Man,99.47103261947632,sad,98.93596762037085,38,2025-05-07 23:10:03,2024,3
2024_face_00130.jpg,131,Man,99.99545812606812,angry,99.9482870040282,43,2025-05-07 23:10:04,2024,2
2024_face_00131.jpg,132,Man,99.95075464248656,neutral,47.77202930783877,34,2025-05-07 23:10:04,2024,4
2024_face_00132.jpg,133,Man,97.97109961509705,sad,92.93560981750488,22,2025-05-07 23:10:05,2024,3
2024_face_00133.jpg,134,Man,93.72718930244446,sad,96.36097528701872,24,2025-05-07 23:10:05,2024,3
2024_face_00134.jpg,135,Man,99.148291349411,sad,99.2655336419066,31,2025-05-07 23:10:06,2024,3
2024_face_00135.jpg,136,Man,99.69356060028076,,51.22709274291992,33,2025-05-07 23:10:06,2024,0
2024_face_00136.jpg,137,Man,99.94961023330688,happy,48.7315446138382,39,2025-05-07 23:10:07,2024,5
2024_face_00137.jpg,138,Man,99.99114274978638,neutral,68.3442928380617,30,2025-05-07 23:10:07,2024,4
2024_face_00138.jpg,139,Man,94.96238827705383,happy,79.77694514072596,34,2025-05-07 23:10:08,2024,5
2024_face_00139.jpg,140,Man,97.98944592475893,happy,99.9999821186055,33,2025-05-07 23:10:08,2024,5
2024_face_00140.jpg,141,Woman,82.78499841690063,happy,96.1304008960724,34,2025-05-07 23:10:08,2024,5
2024_face_00141.jpg,142,Woman,99.50462579727171,sad,98.7993656873325,24,2025-05-07 23:10:09,2024,3
2024_face_00142.jpg,143,Man,89.89497423171997,sad,98.56473794965376,33,2025-05-07 23:10:09,2024,3
2024_face_00143.jpg,144,Man,99.12262558937071,angry,68.28210353851318,25,2025-05-07 23:10:10,2024,2
2024_face_00144.jpg,145,Woman,98.18975329399107,happy,93.7266767024994,47,2025-05-07 23:10:10,2024,5
2024_face_00145.jpg,146,Woman,99.97199177742004,happy,99.99546408626225,37,2025-05-07 23:10:11,2024,5
2024_face_00146.jpg,147,Man,99.999737739563,neutral,94.97009515762328,33,2025-05-07 23:10:11,2024,4
2024_face_00147.jpg,148,Man,99.978369474411,happy,98.05535101230728,33,2025-05-07 23:10:12,2024,5
2024_face_00148.jpg,149,Woman,99.99953508377077,neutral,89.09837007522583,37,2025-05-07 23:10:12,2024,4
2024_face_00149.jpg,150,Woman,97.9464828968048,neutral,73.02139401435852,39,2025-05-07 23:10:13,2024,4
2024_face_00150.jpg,151,Man,98.42981100082396,happy,99.91006851196288,30,2025-05-07 23:10:13,2024,5
2024_face_00151.jpg,152,Woman,97.19576835632324,happy,36.78878107204663,44,2025-05-07 23:10:14,2024,5
2024_face_00152.jpg,153,Man,99.87056255340576,happy,99.99752044648176,37,2025-05-07 23:10:14,2024,5
2024_face_00153.jpg,154,Woman,99.99988079071044,sad,63.65809440612793,34,2025-05-07 23:10:15,2024,3
2024_face_00154.jpg,155,Man,99.9943733215332,neutral,93.92316305179376,31,2025-05-07 23:10:15,2024,4
2024_face_00155.jpg,156,Man,99.99961853027344,happy,77.28374275162902,33,2025-05-07 23:10:16,2024,5
2024_face_00156.jpg,157,Woman,97.39571213722228,sad,67.66153363447981,25,2025-05-07 23:10:16,2024,3
2024_face_00157.jpg,158,Man,99.97698664665222,neutral,92.15658903121948,33,2025-05-07 23:10:16,2024,4
2024_face_00158.jpg,159,Man,99.74199533462524,happy,100.0,42,2025-05-07 23:10:17,2024,5
2024_face_00159.jpg,160,Man,93.86884570121764,neutral,91.78435206413268,39,2025-05-07 23:10:17,2024,4
2024_face_00160.jpg,161,Woman,98.7430453300476,neutral,58.31640710332436,42,2025-05-07 23:10:18,2024,4
2024_face_00161.jpg,162,Man,96.2763786315918,,59.2298150062561,23,2025-05-07 23:10:18,2024,0
2024_face_00162.jpg,163,Man,99.77874755859376,neutral,76.07874274253845,40,2025-05-07 23:10:19,2024,4
2024_face_00163.jpg,164,Man,99.99830722808838,sad,94.74929571151732,29,2025-05-07 23:10:19,2024,3
2024_face_00164.jpg,165,Woman,95.0848400592804,sad,67.52140924462135,32,2025-05-07 23:10:20,2024,3
2024_face_00165.jpg,166,Man,99.08013939857484,happy,99.68562720332308,30,2025-05-07 23:10:20,2024,5
2024_face_00166.jpg,167,Man,99.6301531791687,neutral,56.98974132537842,37,2025-05-07 23:10:21,2024,4
2024_face_00167.jpg,168,Man,99.99980926513672,angry,59.63546518856702,51,2025-05-07 23:10:21,2024,2
2024_face_00168.jpg,169,Man,99.98177886009216,happy,95.39629220962524,30,2025-05-07 23:10:22,2024,5
2024_face_00169.jpg,170,Woman,99.99696016311646,happy,65.76783657073975,39,2025-05-07 23:10:22,2024,5
2024_face_00170.jpg,171,Woman,80.85212111473083,happy,99.98891353475015,31,2025-05-07 23:10:23,2024,5
2024_face_00171.jpg,172,Man,99.96987581253052,angry,50.33707614695118,23,2025-05-07 23:10:23,2024,2
2024_face_00172.jpg,173,Man,99.60795044898988,happy,99.54756495640068,37,2025-05-07 23:10:23,2024,5
2024_face_00173.jpg,174,Man,99.63151812553406,sad,54.93793487548828,35,2025-05-07 23:10:24,2024,3
2024_face_00174.jpg,175,Man,96.80554270744324,happy,86.98403239250183,41,2025-05-07 23:10:24,2024,5
2024_face_00175.jpg,176,Man,92.24555492401124,surprise,85.96653938293457,29,2025-05-07 23:10:25,2024,6
2024_face_00176.jpg,177,Woman,99.99606609344482,happy,99.99984502792358,38,2025-05-07 23:10:25,2024,5
2024_face_00177.jpg,178,Man,99.9493956565857,angry,96.80237751021252,40,2025-05-07 23:10:26,2024,2
2024_face_00178.jpg,179,Man,99.76913928985596,neutral,97.75041924419516,37,2025-05-07 23:10:26,2024,4
2024_face_00179.jpg,180,Woman,96.85326218605042,happy,54.50701117515564,29,2025-05-07 23:10:27,2024,5
2024_face_00180.jpg,181,Man,99.80050921440125,happy,60.25426387786865,33,2025-05-07 23:10:27,2024,5
2024_face_00181.jpg,182,Man,99.5372712612152,angry,54.88249063491821,33,2025-05-07 23:10:28,2024,2
2024_face_00182.jpg,183,Woman,54.713791608810425,,57.193875312805176,37,2025-05-07 23:10:28,2024,0
2024_face_00183.jpg,184,Man,99.99946355819702,angry,90.98079908123027,28,2025-05-07 23:10:29,2024,2
2024_face_00184.jpg,185,Man,99.96386766433716,angry,99.90347623825072,35,2025-05-07 23:10:29,2024,2
2024_face_00185.jpg,186,Man,99.7900128364563,happy,99.79788661003111,29,2025-05-07 23:10:30,2024,5
2024_face_00186.jpg,187,Man,99.87847208976746,neutral,91.61864519119264,36,2025-05-07 23:10:30,2024,4
2024_face_00187.jpg,188,Man,98.8185167312622,neutral,64.27391171455383,32,2025-05-07 23:10:30,2024,4
2024_face_00188.jpg,189,Man,99.79985356330872,sad,87.16010604380297,38,2025-05-07 23:10:31,2024,3
2024_face_00189.jpg,190,Woman,60.3276789188385,happy,99.99362230300903,31,2025-05-07 23:10:31,2024,5
2024_face_00190.jpg,191,Man,99.9733030796051,neutral,90.59194922447205,23,2025-05-07 23:10:32,2024,4
2024_face_00191.jpg,192,Woman,99.71455931663512,happy,99.60340862233537,41,2025-05-07 23:10:32,2024,5
2024_face_00192.jpg,193,Woman,53.81390452384949,neutral,67.73568391799927,32,2025-05-07 23:10:33,2024,4
2024_face_00193.jpg,194,Man,94.83447074890135,sad,92.74543394066704,29,2025-05-07 23:10:33,2024,3
2024_face_00194.jpg,195,Man,99.8354196548462,,95.34370303153992,44,2025-05-07 23:10:34,2024,0
2024_face_00195.jpg,196,Man,97.7147936820984,angry,45.53177032064023,34,2025-05-07 23:10:34,2024,2
2024_face_00196.jpg,197,Man,99.91942048072816,happy,99.99995827674616,25,2025-05-07 23:10:35,2024,5
2024_face_00197.jpg,198,Woman,96.87020182609558,sad,62.07186353634975,42,2025-05-07 23:10:35,2024,3
2024_face_00198.jpg,199,Woman,99.9910831451416,neutral,99.7557520866394,36,2025-05-07 23:10:36,2024,4
2024_face_00199.jpg,200,Man,99.9981164932251,happy,99.96117353207909,33,2025-05-07 23:10:36,2024,5
2024_face_00200.jpg,201,Man,99.88635778427124,happy,56.30378462694792,39,2025-05-07 23:10:37,2024,5
2024_face_00201.jpg,202,Man,99.99772310256958,neutral,44.78602676308314,38,2025-05-07 23:10:37,2024,4
2024_face_00202.jpg,203,Man,99.8490571975708,sad,37.00010335444172,39,2025-05-07 23:10:38,2024,3
2024_face_00203.jpg,204,Man,99.70505237579346,,32.49984681606293,22,2025-05-07 23:10:38,2024,0
2024_face_00204.jpg,205,Woman,82.08336234092712,sad,88.06836009025574,27,2025-05-07 23:10:38,2024,3
2024_face_00205.jpg,206,Man,99.9518632888794,,41.61157260010079,43,2025-05-07 23:10:39,2024,0
2024_face_00206.jpg,207,Man,93.11554431915285,,53.47222408486749,29,2025-05-07 23:10:39,2024,0
2024_face_00207.jpg,208,Man,99.87541437149048,,72.61057822578213,32,2025-05-07 23:10:40,2024,0
2024_face_00208.jpg,209,Man,97.35621809959412,angry,40.56978821754456,43,2025-05-07 23:10:40,2024,2
2024_face_00209.jpg,210,Man,99.92434978485107,neutral,77.23500728607178,25,2025-05-07 23:10:41,2024,4
2024_face_00210.jpg,211,Woman,99.85426664352416,happy,37.84533739089966,49,2025-05-07 23:10:41,2024,5
2024_face_00211.jpg,212,Man,55.374348163604736,neutral,64.15619850158691,34,2025-05-07 23:10:42,2024,4
2024_face_00212.jpg,213,Man,99.5223104953766,sad,98.3941255085618,31,2025-05-07 23:10:42,2024,3
2024_face_00213.jpg,214,Man,99.98929500579834,angry,77.87685990333557,50,2025-05-07 23:10:43,2024,2
2024_face_00214.jpg,215,Man,99.99409914016724,neutral,96.75387182785607,33,2025-05-07 23:10:43,2024,4
2024_face_00215.jpg,216,Man,99.92959499359132,neutral,86.62686268251316,39,2025-05-07 23:10:44,2024,4
2024_face_00216.jpg,217,Man,99.8690664768219,happy,99.99997615814208,38,2025-05-07 23:10:44,2024,5
2024_face_00217.jpg,218,Woman,96.5137779712677,happy,99.15383458137512,41,2025-05-07 23:10:45,2024,5
2024_face_00218.jpg,219,Woman,62.66995668411255,happy,99.18925762176514,35,2025-05-07 23:10:45,2024,5
2024_face_00219.jpg,220,Man,91.72837138175964,happy,99.6598780155182,39,2025-05-07 23:10:46,2024,5
2024_face_00220.jpg,221,Man,99.89418387413023,,72.81706929206848,28,2025-05-07 23:10:46,2024,0
2024_face_00221.jpg,222,Man,99.94255304336548,happy,99.98739957809448,33,2025-05-07 23:10:47,2024,5
2024_face_00222.jpg,223,Man,99.90235567092896,neutral,57.272082567214966,44,2025-05-07 23:10:47,2024,4
2024_face_00223.jpg,224,Woman,99.99542236328124,sad,51.23434066772461,32,2025-05-07 23:10:47,2024,3
2024_face_00224.jpg,225,Man,99.95855689048769,happy,99.9997854232788,40,2025-05-07 23:10:48,2024,5
2024_face_00225.jpg,226,Man,99.78675842285156,happy,99.4462788105011,31,2025-05-07 23:10:48,2024,5
2024_face_00226.jpg,227,Man,82.71734714508057,sad,86.87359094619751,28,2025-05-07 23:10:49,2024,3
2024_face_00227.jpg,228,Man,99.8176336288452,sad,48.89441728591919,30,2025-05-07 23:10:49,2024,3
2024_face_00228.jpg,229,Man,99.64407086372375,neutral,77.82650854271549,38,2025-05-07 23:10:50,2024,4
2024_face_00229.jpg,230,Man,99.9221920967102,sad,57.7335000038147,37,2025-05-07 23:10:50,2024,3
2024_face_00230.jpg,231,Man,99.9832034111023,angry,51.72752141952515,32,2025-05-07 23:10:51,2024,2
2024_face_00231.jpg,232,Man,83.51547718048096,sad,51.94147825241089,27,2025-05-07 23:10:51,2024,3
2024_face_00232.jpg,233,Man,99.99725818634032,sad,46.53726261409967,41,2025-05-07 23:10:52,2024,3
2024_face_00233.jpg,234,Man,99.97920393943788,angry,74.42740201950073,27,2025-05-07 23:10:52,2024,2
2024_face_00234.jpg,235,Man,99.93696808815002,happy,98.0544450218147,30,2025-05-07 23:10:53,2024,5
2024_face_00235.jpg,236,Man,92.955082654953,happy,99.98286962304944,37,2025-05-07 23:10:53,2024,5
2024_face_00236.jpg,237,Man,99.57211017608644,happy,98.75587239791484,42,2025-05-07 23:10:54,2024,5
2024_face_00237.jpg,238,Man,99.99488592147829,happy,90.11367559432983,35,2025-05-07 23:10:54,2024,5
2024_face_00238.jpg,239,Man,76.44768357276917,happy,97.30820091865051,34,2025-05-07 23:10:54,2024,5
2024_face_00239.jpg,240,Man,99.58622455596924,sad,95.14796704935831,42,2025-05-07 23:10:55,2024,3
2024_face_00240.jpg,241,Man,99.96106028556824,angry,42.76327279051867,36,2025-05-07 23:10:55,2024,2
2024_face_00241.jpg,242,Woman,86.04162335395813,sad,97.8981912136078,28,2025-05-07 23:10:56,2024,3
2024_face_00242.jpg,243,Woman,52.47744917869568,sad,52.53611833287696,34,2025-05-07 23:10:56,2024,3
2024_face_00243.jpg,244,Woman,99.99990463256836,happy,98.97019863128662,31,2025-05-07 23:10:57,2024,5
2024_face_00244.jpg,245,Man,99.33769106864928,neutral,36.06943107065148,35,2025-05-07 23:10:57,2024,4
2024_face_00245.jpg,246,Man,97.50465154647829,happy,59.355223178863525,32,2025-05-07 23:10:58,2024,5
2024_face_00246.jpg,247,Man,99.9892234802246,happy,95.88444828987122,39,2025-05-07 23:10:58,2024,5
2024_face_00247.jpg,248,Woman,80.3895115852356,neutral,81.67096267169491,33,2025-05-07 23:10:59,2024,4
2024_face_00248.jpg,249,Woman,89.07437920570374,surprise,76.35408043861389,36,2025-05-07 23:10:59,2024,6
2024_face_00249.jpg,250,Man,99.99945163726808,neutral,65.57382345199585,31,2025-05-07 23:11:00,2024,4
2024_face_00250.jpg,251,Man,99.9580442905426,sad,99.40761920259114,29,2025-05-07 23:11:00,2024,3
2024_face_00251.jpg,252,Man,90.06173014640808,neutral,86.314857006073,28,2025-05-07 23:11:01,2024,4
2024_face_00252.jpg,253,Man,90.269935131073,neutral,50.2250611782074,37,2025-05-07 23:11:01,2024,4
2024_face_00253.jpg,254,Man,97.73902297019958,neutral,65.68736433982849,38,2025-05-07 23:11:01,2024,4
2024_face_00254.jpg,255,Man,98.54324460029602,neutral,59.36497449874878,43,2025-05-07 23:11:02,2024,4
2024_face_00255.jpg,256,Man,99.49541687965392,happy,73.91448020935059,39,2025-05-07 23:11:02,2024,5
2024_face_00256.jpg,257,Man,99.51275587081908,sad,95.11830181588542,32,2025-05-07 23:11:03,2024,3
2024_face_00257.jpg,258,Man,99.92601275444032,angry,45.21316885948181,25,2025-05-07 23:11:03,2024,2
2024_face_00258.jpg,259,Man,97.57158756256104,happy,82.78853297233582,31,2025-05-07 23:11:04,2024,5
2024_face_00259.jpg,260,Man,99.99312162399292,angry,51.29705667495728,46,2025-05-07 23:11:04,2024,2
2024_face_00260.jpg,261,Woman,95.3868567943573,neutral,91.3204312324524,39,2025-05-07 23:11:05,2024,4
2024_face_00261.jpg,262,Man,79.63647246360779,sad,91.6651840010395,29,2025-05-07 23:11:05,2024,3
2024_face_00262.jpg,263,Man,98.70770573616028,surprise,91.23148322105408,35,2025-05-07 23:11:06,2024,6
2024_face_00263.jpg,264,Man,99.97265934944151,angry,75.75568556785583,35,2025-05-07 23:11:06,2024,2
2024_face_00264.jpg,265,Woman,99.41563606262208,sad,76.30577369859532,35,2025-05-07 23:11:07,2024,3
2024_face_00265.jpg,266,Man,98.84799122810364,happy,74.44593754088507,61,2025-05-07 23:11:07,2024,5
2024_face_00266.jpg,267,Man,99.99089241027832,happy,99.99774694442748,34,2025-05-07 23:11:08,2024,5
2024_face_00267.jpg,268,Man,99.83229041099548,sad,65.11598229408264,29,2025-05-07 23:11:08,2024,3
2024_face_00268.jpg,269,Man,99.98303651809692,sad,96.09584761808486,31,2025-05-07 23:11:08,2024,3
2024_face_00269.jpg,270,Man,99.86482262611388,sad,75.96374750137329,31,2025-05-07 23:11:09,2024,3
2024_face_00270.jpg,271,Man,88.94159197807312,sad,99.82679485242336,32,2025-05-07 23:11:09,2024,3
2024_face_00271.jpg,272,Woman,100.0,happy,99.96262788772584,32,2025-05-07 23:11:10,2024,5
2024_face_00272.jpg,273,Man,81.61175847053528,neutral,95.62814235687256,32,2025-05-07 23:11:10,2024,4
2024_face_00273.jpg,274,Woman,98.43016266822816,happy,99.4835376739502,37,2025-05-07 23:11:11,2024,5
2024_face_00274.jpg,275,Man,82.40780234336853,happy,96.29414081573486,38,2025-05-07 23:11:12,2024,5
2024_face_00275.jpg,276,Man,99.72264170646667,angry,75.47706219417228,34,2025-05-07 23:11:12,2024,2
2024_face_00276.jpg,277,Man,99.39781427383424,sad,91.68446660041808,28,2025-05-07 23:11:13,2024,3
2024_face_00277.jpg,278,Man,99.94588494300842,sad,84.27368998527527,23,2025-05-07 23:11:13,2024,3
2024_face_00278.jpg,279,Man,99.9860167503357,neutral,55.31494617462158,35,2025-05-07 23:11:14,2024,4
2024_face_00279.jpg,280,Man,99.77356195449828,neutral,61.863285303115845,26,2025-05-07 23:11:14,2024,4
2024_face_00280.jpg,281,Man,99.3094801902771,surprise,81.17803931236267,39,2025-05-07 23:11:15,2024,6
2024_face_00281.jpg,282,Man,98.9742398262024,happy,50.10647773742676,30,2025-05-07 23:11:15,2024,5
2024_face_00282.jpg,283,Woman,98.3658492565155,angry,46.31364941596985,32,2025-05-07 23:11:15,2024,2
2024_face_00283.jpg,284,Man,97.88780212402344,sad,74.78543519973755,37,2025-05-07 23:11:16,2024,3
2024_face_00284.jpg,285,Woman,99.27803874015808,happy,99.8683750629425,33,2025-05-07 23:11:16,2024,5
2024_face_00285.jpg,286,Man,75.73578357696533,sad,99.73631501197816,34,2025-05-07 23:11:17,2024,3
2024_face_00286.jpg,287,Man,99.99673366546632,happy,99.2347240447998,29,2025-05-07 23:11:17,2024,5
2024_face_00287.jpg,288,Woman,96.00757360458374,happy,99.99998807907104,36,2025-05-07 23:11:18,2024,5
2024_face_00288.jpg,289,Man,96.24322652816772,neutral,98.80430698394775,38,2025-05-07 23:11:18,2024,4
2024_face_00289.jpg,290,Man,99.85601305961607,angry,75.45763107881731,42,2025-05-07 23:11:19,2024,2
2024_face_00290.jpg,291,Man,97.96326160430908,angry,98.0983553049988,34,2025-05-07 23:11:19,2024,2
2024_face_00291.jpg,292,Woman,53.62225770950317,surprise,74.0596504140317,39,2025-05-07 23:11:20,2024,6
2024_face_00292.jpg,293,Man,99.22683835029602,neutral,60.07481217384338,41,2025-05-07 23:11:20,2024,4
2024_face_00293.jpg,294,Man,99.53585267066956,angry,62.98707723617554,33,2025-05-07 23:11:21,2024,2
2024_face_00294.jpg,295,Man,98.23692440986632,happy,99.8117089496006,32,2025-05-07 23:11:21,2024,5
2024_face_00295.jpg,296,Man,99.63614344596864,sad,98.58901500701904,39,2025-05-07 23:11:22,2024,3
2024_face_00296.jpg,297,Man,99.9391794204712,,47.22265601158142,35,2025-05-07 23:11:22,2024,0
2024_face_00297.jpg,298,Man,99.99847412109376,happy,99.9998927116394,43,2025-05-07 23:11:22,2024,5
2024_face_00298.jpg,299,Woman,92.97481179237366,sad,71.84157967567444,31,2025-05-07 23:11:23,2024,3
2024_face_00299.jpg,300,Man,84.81005430221558,sad,90.5080497264862,23,2025-05-07 23:11:23,2024,3
2024_face_00300.jpg,301,Woman,99.89272952079772,neutral,61.95668578147888,31,2025-05-07 23:11:24,2024,4
2024_face_00301.jpg,302,Woman,99.9396562576294,neutral,62.214736674459374,34,2025-05-07 23:11:24,2024,4
2024_face_00302.jpg,303,Woman,99.81790781021118,happy,99.9965131280728,36,2025-05-07 23:11:25,2024,5
2024_face_00303.jpg,304,Man,75.86471438407898,neutral,99.2927610874176,33,2025-05-07 23:11:25,2024,4
2024_face_00304.jpg,305,Woman,99.44620728492735,happy,84.89440679550171,31,2025-05-07 23:11:26,2024,5
2024_face_00305.jpg,306,Man,99.56627488136292,sad,49.85118507451922,27,2025-05-07 23:11:26,2024,3
2024_face_00306.jpg,307,Man,83.75791907310486,happy,99.24188251745,35,2025-05-07 23:11:27,2024,5
2024_face_00307.jpg,308,Man,97.17958569526672,angry,61.4799439907074,31,2025-05-07 23:11:27,2024,2
2024_face_00308.jpg,309,Man,92.22737550735474,happy,100.0,33,2025-05-07 23:11:28,2024,5
2024_face_00309.jpg,310,Man,97.92349934577942,neutral,96.11536814157584,32,2025-05-07 23:11:28,2024,4
2024_face_00310.jpg,311,Man,99.87576007843018,sad,49.15841817855835,34,2025-05-07 23:11:29,2024,3
2024_face_00311.jpg,312,Man,99.21019673347472,neutral,75.87112784385681,47,2025-05-07 23:11:29,2024,4
2024_face_00312.jpg,313,Woman,98.9176332950592,happy,99.99739527686806,35,2025-05-07 23:11:29,2024,5
2024_face_00313.jpg,314,Man,63.038331270217896,neutral,99.01418089866638,37,2025-05-07 23:11:30,2024,4
2024_face_00314.jpg,315,Woman,78.24782133102417,surprise,82.868795565891,42,2025-05-07 23:11:30,2024,6
2024_face_00315.jpg,316,Woman,99.7068703174591,happy,99.91580843423657,32,2025-05-07 23:11:31,2024,5
2024_face_00316.jpg,317,Woman,98.13148379325868,happy,99.99852180463336,32,2025-05-07 23:11:31,2024,5
2024_face_00317.jpg,318,Woman,86.86570525169373,happy,98.18322658538818,33,2025-05-07 23:11:32,2024,5
2024_face_00318.jpg,319,Man,99.82910752296448,angry,99.22453761100768,39,2025-05-07 23:11:32,2024,2
2024_face_00319.jpg,320,Man,99.80024695396423,,46.87802493572235,37,2025-05-07 23:11:33,2024,0
2024_face_00320.jpg,321,Man,55.817097425460815,sad,87.52751872107498,32,2025-05-07 23:11:33,2024,3
2024_face_00321.jpg,322,Man,99.8360812664032,sad,99.9003470062796,21,2025-05-07 23:11:34,2024,3
2024_face_00322.jpg,323,Man,100.0,sad,99.30701251667811,44,2025-05-07 23:11:34,2024,3
2024_face_00323.jpg,324,Man,99.04735684394836,sad,99.34017654300789,33,2025-05-07 23:11:35,2024,3
2024_face_00324.jpg,325,Man,63.99231553077698,sad,98.71007204055786,33,2025-05-07 23:11:35,2024,3
2024_face_00325.jpg,326,Man,59.61235165596008,sad,96.9245914310704,34,2025-05-07 23:11:36,2024,3
2024_face_00326.jpg,327,Man,58.50117206573486,neutral,99.97205734086378,38,2025-05-07 23:11:36,2024,4
2024_face_00327.jpg,328,Man,94.5905089378357,happy,99.9594509601593,26,2025-05-07 23:11:36,2024,5
2024_face_00328.jpg,329,Man,99.309903383255,sad,100.0,38,2025-05-07 23:11:37,2024,3
2024_face_00329.jpg,330,Man,99.6272325515747,happy,99.99996423721312,37,2025-05-07 23:11:37,2024,5
2024_face_00330.jpg,331,Man,99.96485710144044,sad,73.29145073890686,39,2025-05-07 23:11:38,2024,3
2024_face_00331.jpg,332,Man,82.51484632492065,neutral,60.99472176965735,31,2025-05-07 23:11:38,2024,4
2024_face_00332.jpg,333,Woman,91.8341100215912,happy,57.73149728775024,31,2025-05-07 23:11:39,2024,5
2024_face_00333.jpg,334,Man,98.74467253684998,happy,99.9988317489624,38,2025-05-07 23:11:39,2024,5
2024_face_00334.jpg,335,Woman,99.96576309204102,happy,99.96898174285889,31,2025-05-07 23:11:40,2024,5
2024_face_00335.jpg,336,Man,99.09693598747252,neutral,96.39047980308531,29,2025-05-07 23:11:40,2024,4
2024_face_00336.jpg,337,Woman,92.14852452278136,neutral,96.86015229583694,29,2025-05-07 23:11:41,2024,4
2024_face_00337.jpg,338,Woman,98.30590486526488,happy,67.30561256408691,33,2025-05-07 23:11:41,2024,5
2024_face_00338.jpg,339,Man,97.71956205368042,happy,80.07683635215976,31,2025-05-07 23:11:42,2024,5
2024_face_00339.jpg,340,Woman,99.91869330406188,happy,78.05207240891889,31,2025-05-07 23:11:42,2024,5
2024_face_00340.jpg,341,Man,99.96345043182372,happy,74.96700882911682,33,2025-05-07 23:11:43,2024,5
2024_face_00341.jpg,342,Man,77.7187705039978,,91.29338964302664,32,2025-05-07 23:11:43,2024,0
2024_face_00342.jpg,343,Man,91.7459785938263,sad,53.80301475524902,37,2025-05-07 23:11:44,2024,3
2024_face_00343.jpg,344,Man,99.46708083152772,sad,58.4106912123333,39,2025-05-07 23:11:44,2024,3
2024_face_00344.jpg,345,Woman,93.44455003738403,neutral,99.99110698699953,33,2025-05-07 23:11:45,2024,4
2024_face_00345.jpg,346,Woman,76.98019742965698,neutral,91.67574048042296,30,2025-05-07 23:11:45,2024,4
2024_face_00346.jpg,347,Man,99.34512376785278,sad,83.38487942399031,26,2025-05-07 23:11:45,2024,3
2024_face_00347.jpg,348,Woman,97.79708981513976,neutral,69.24338936805725,30,2025-05-07 23:11:46,2024,4
2024_face_00348.jpg,349,Man,97.68490195274352,happy,98.70977394043052,40,2025-05-07 23:11:46,2024,5
2024_face_00349.jpg,350,Man,95.73746919631958,happy,98.88228178024292,37,2025-05-07 23:11:47,2024,5
2024_face_00350.jpg,351,Man,99.98395442962646,angry,68.56785041902667,36,2025-05-07 23:11:47,2024,2
2024_face_00351.jpg,352,Man,99.98499155044556,angry,70.41611495114059,38,2025-05-07 23:11:48,2024,2
2024_face_00352.jpg,353,Man,99.97085928916933,happy,99.22979474067688,44,2025-05-07 23:11:48,2024,5
2024_face_00353.jpg,354,Man,99.98462200164796,neutral,73.78357961373572,33,2025-05-07 23:11:49,2024,4
2024_face_00354.jpg,355,Man,98.21696877479552,happy,97.95716392738603,31,2025-05-07 23:11:49,2024,5
2024_face_00355.jpg,356,Man,99.60712194442748,neutral,41.11113250255585,31,2025-05-07 23:11:50,2024,4
2024_face_00356.jpg,357,Man,99.23909306526184,neutral,61.23993761777506,32,2025-05-07 23:11:50,2024,4
2024_face_00357.jpg,358,Man,99.7929573059082,angry,67.39347577095032,33,2025-05-07 23:11:51,2024,2
2024_face_00358.jpg,359,Man,99.9687910079956,happy,75.41479468345642,36,2025-05-07 23:11:51,2024,5
2024_face_00359.jpg,360,Man,90.43964147567748,happy,93.20059418678284,30,2025-05-07 23:11:52,2024,5
2024_face_00360.jpg,361,Woman,64.52415585517883,happy,48.61158728599548,34,2025-05-07 23:11:52,2024,5
2024_face_00361.jpg,362,Man,99.94196891784668,happy,93.32450032234192,40,2025-05-07 23:11:53,2024,5
2024_face_00362.jpg,363,Man,99.63165521621704,happy,99.55509901046752,26,2025-05-07 23:11:53,2024,5
2024_face_00363.jpg,364,Woman,97.68576622009276,happy,98.42770099639893,33,2025-05-07 23:11:54,2024,5
2024_face_00364.jpg,365,Man,99.68783855438232,happy,51.42498016357422,26,2025-05-07 23:11:54,2024,5
2024_face_00365.jpg,366,Man,99.80888962745668,neutral,95.54899281847392,32,2025-05-07 23:11:54,2024,4
2024_face_00366.jpg,367,Man,98.18363785743712,happy,59.46063995361328,39,2025-05-07 23:11:55,2024,5
2024_face_00367.jpg,368,Woman,99.97640252113342,happy,99.99661445658036,31,2025-05-07 23:11:55,2024,5
2024_face_00368.jpg,369,Man,92.99113154411316,neutral,72.86372780799866,38,2025-05-07 23:11:56,2024,4
2024_face_00369.jpg,370,Woman,99.99992847442628,happy,100.0,32,2025-05-07 23:11:56,2024,5
2024_face_00370.jpg,371,Man,99.34656023979188,happy,77.50159367928467,29,2025-05-07 23:11:57,2024,5
2024_face_00371.jpg,372,Man,96.47581577301024,,83.68057012557983,28,2025-05-07 23:11:57,2024,0
2024_face_00372.jpg,373,Man,99.85778331756592,neutral,67.73734092712402,29,2025-05-07 23:11:58,2024,4
2024_face_00373.jpg,374,Man,57.35020041465759,angry,99.47890043258668,28,2025-05-07 23:11:58,2024,2
2024_face_00374.jpg,375,Woman,99.96125102043152,sad,68.62821578979492,43,2025-05-07 23:11:59,2024,3
2024_face_00375.jpg,376,Man,99.895042181015,happy,99.90407227898076,28,2025-05-07 23:11:59,2024,5
2024_face_00376.jpg,377,Man,96.72598242759705,neutral,96.0538451607412,32,2025-05-07 23:12:00,2024,4
2024_face_00377.jpg,378,Man,90.54202437400818,sad,95.78489014922263,32,2025-05-07 23:12:00,2024,3
2024_face_00378.jpg,379,Woman,89.97964262962341,neutral,76.91099643707275,32,2025-05-07 23:12:01,2024,4
2024_face_00379.jpg,380,Woman,60.56588888168335,happy,99.08186191808356,38,2025-05-07 23:12:01,2024,5
2024_face_00380.jpg,381,Woman,99.57887530326845,neutral,80.01106381416321,29,2025-05-07 23:12:02,2024,4
2024_face_00381.jpg,382,Woman,70.14467716217041,neutral,58.92240405082703,36,2025-05-07 23:12:02,2024,4
2024_face_00382.jpg,383,Woman,95.58917880058289,happy,70.64977884292603,31,2025-05-07 23:12:03,2024,5
2024_face_00383.jpg,384,Man,99.83308911323547,neutral,96.24305412256072,33,2025-05-07 23:12:03,2024,4
2024_face_00384.jpg,385,Man,99.99985694885254,neutral,54.091087227528526,33,2025-05-07 23:12:03,2024,4
2024_face_00385.jpg,386,Man,99.46075081825256,happy,97.74122265085904,33,2025-05-07 23:12:04,2024,5
2024_face_00386.jpg,387,Man,99.99969005584715,neutral,75.96703171730042,39,2025-05-07 23:12:04,2024,4
2024_face_00387.jpg,388,Woman,69.88718509674072,happy,99.99728202819824,46,2025-05-07 23:12:05,2024,5
2024_face_00388.jpg,389,Man,95.18109560012816,happy,99.99849796295166,35,2025-05-07 23:12:05,2024,5
2024_face_00389.jpg,390,Man,98.54793548583984,happy,52.74804548907551,30,2025-05-07 23:12:06,2024,5
2024_face_00390.jpg,391,Woman,96.82478308677672,neutral,96.50847315788268,39,2025-05-07 23:12:06,2024,4
2024_face_00391.jpg,392,Man,99.99710321426392,angry,75.2455085223307,26,2025-05-07 23:12:07,2024,2
2024_face_00392.jpg,393,Man,97.07080125808716,angry,45.274123549461365,25,2025-05-07 23:12:07,2024,2
2024_face_00393.jpg,394,Man,81.31978511810303,happy,97.54001498222352,39,2025-05-07 23:12:08,2024,5
2024_face_00394.jpg,395,Woman,99.99780654907228,happy,99.6733665855686,34,2025-05-07 23:12:08,2024,5
2024_face_00395.jpg,396,Woman,99.99387264251708,neutral,82.55714178085327,33,2025-05-07 23:12:09,2024,4
2024_face_00396.jpg,397,Woman,99.8455047607422,neutral,42.16047823429108,30,2025-05-07 23:12:09,2024,4
2024_face_00397.jpg,398,Woman,94.96301412582396,happy,100.0,27,2025-05-07 23:12:10,2024,5
2024_face_00398.jpg,399,Man,98.90257716178894,happy,99.9969661234001,44,2025-05-07 23:12:10,2024,5
2024_face_00399.jpg,400,Woman,99.81960654258728,happy,82.92198181152344,27,2025-05-07 23:12:11,2024,5
2025_face_00000.jpg,1,Man,99.67392086982728,sad,81.86110854148865,42,2025-05-07 23:12:15,2025,3
2025_face_00001.jpg,2,Man,59.30931568145752,neutral,99.15775060653688,32,2025-05-07 23:12:16,2025,4
2025_face_00002.jpg,3,Man,98.86670112609865,sad,75.16821622848511,34,2025-05-07 23:12:16,2025,3
2025_face_00003.jpg,4,Man,99.23755526542664,angry,99.99690055884116,45,2025-05-07 23:12:17,2025,2
2025_face_00004.jpg,5,Man,96.05149030685423,,90.50917738566667,36,2025-05-07 23:12:17,2025,0
2025_face_00005.jpg,6,Man,95.6816792488098,,90.1734167440782,40,2025-05-07 23:12:17,2025,0
2025_face_00006.jpg,7,Woman,96.89884781837463,happy,99.99209642410278,31,2025-05-07 23:12:18,2025,5
2025_face_00007.jpg,8,Man,99.97536540031432,angry,46.00949883460999,36,2025-05-07 23:12:18,2025,2
2025_face_00008.jpg,9,Man,76.11591815948486,sad,98.09538710685892,38,2025-05-07 23:12:19,2025,3
2025_face_00009.jpg,10,Man,99.57785606384276,neutral,51.3120174407959,33,2025-05-07 23:12:19,2025,4
2025_face_00010.jpg,11,Man,99.52314496040344,sad,47.85037934780121,35,2025-05-07 23:12:20,2025,3
2025_face_00011.jpg,12,Man,99.6675968170166,happy,100.0,35,2025-05-07 23:12:20,2025,5
2025_face_00012.jpg,13,Man,99.19700026512146,,88.71045574074456,40,2025-05-07 23:12:21,2025,0
2025_face_00013.jpg,14,Man,88.05977702140808,sad,99.17207956314088,34,2025-05-07 23:12:21,2025,3
2025_face_00014.jpg,15,Woman,54.57493662834168,neutral,54.00108098983765,35,2025-05-07 23:12:22,2025,4
2025_face_00015.jpg,16,Man,96.47425413131714,neutral,86.11342310905457,37,2025-05-07 23:12:22,2025,4
2025_face_00016.jpg,17,Man,86.67490482330322,,81.61708493436396,35,2025-05-07 23:12:23,2025,0
2025_face_00017.jpg,18,Man,75.93238949775696,sad,78.58344316482544,36,2025-05-07 23:12:23,2025,3
2025_face_00018.jpg,19,Man,99.66676831245422,happy,99.8305976289867,25,2025-05-07 23:12:24,2025,5
2025_face_00019.jpg,20,Man,98.85272979736328,sad,48.99071156978607,36,2025-05-07 23:12:24,2025,3
2025_face_00020.jpg,21,Woman,55.57988882064819,neutral,97.96414959217007,30,2025-05-07 23:12:25,2025,4
2025_face_00021.jpg,22,Man,99.9990940093994,angry,62.9638135433197,39,2025-05-07 23:12:25,2025,2
2025_face_00022.jpg,23,Woman,94.37549114227296,happy,99.2735445066419,39,2025-05-07 23:12:26,2025,5
2025_face_00023.jpg,24,Woman,99.5897650718689,happy,98.83891344070436,32,2025-05-07 23:12:26,2025,5
2025_face_00024.jpg,25,Man,99.23201203346252,neutral,87.04304253541916,36,2025-05-07 23:12:27,2025,4
2025_face_00025.jpg,26,Woman,57.04221725463867,angry,84.78247937947266,36,2025-05-07 23:12:27,2025,2
2025_face_00026.jpg,27,Woman,98.43984842300416,angry,58.715492486953735,34,2025-05-07 23:12:28,2025,2
2025_face_00027.jpg,28,Man,95.32740116119383,sad,49.933236837387085,29,2025-05-07 23:12:28,2025,3
2025_face_00028.jpg,29,Man,93.19891929626463,sad,69.8930561542511,35,2025-05-07 23:12:29,2025,3
2025_face_00029.jpg,30,Man,79.4401466846466,angry,73.53401780128479,29,2025-05-07 23:12:29,2025,2
2025_face_00030.jpg,31,Man,99.87661838531494,happy,88.49327701410328,30,2025-05-07 23:12:29,2025,5
2025_face_00031.jpg,32,Woman,79.72214221954346,angry,85.06549596786499,32,2025-05-07 23:12:30,2025,2
2025_face_00032.jpg,33,Man,99.42447543144226,sad,67.4467384815216,40,2025-05-07 23:12:30,2025,3
2025_face_00033.jpg,34,Man,98.03782105445862,happy,67.20913648605347,39,2025-05-07 23:12:31,2025,5
2025_face_00034.jpg,35,Man,96.3357388973236,sad,50.26893016470312,28,2025-05-07 23:12:31,2025,3
2025_face_00035.jpg,36,Man,88.42036724090576,sad,75.90577889611973,39,2025-05-07 23:12:32,2025,3
2025_face_00036.jpg,37,Woman,90.01392126083374,,40.45950954669828,28,2025-05-07 23:12:32,2025,0
2025_face_00037.jpg,38,Man,91.34809374809264,sad,96.32976694944298,39,2025-05-07 23:12:33,2025,3
2025_face_00038.jpg,39,Man,95.54257988929749,sad,47.26991951465607,44,2025-05-07 23:12:33,2025,3
2025_face_00039.jpg,40,Man,99.62542057037354,angry,92.48953416881167,40,2025-05-07 23:12:34,2025,2
2025_face_00040.jpg,41,Man,99.61209893226624,angry,92.03835129737854,37,2025-05-07 23:12:34,2025,2
2025_face_00041.jpg,42,Man,99.98243451118468,neutral,83.86113239990087,38,2025-05-07 23:12:35,2025,4
2025_face_00042.jpg,43,Man,99.90173578262328,angry,44.27811801433563,29,2025-05-07 23:12:35,2025,2
2025_face_00043.jpg,44,Man,89.18566107749939,neutral,96.26456499099731,28,2025-05-07 23:12:36,2025,4
2025_face_00044.jpg,45,Man,98.1246292591095,sad,67.62830018997192,33,2025-05-07 23:12:36,2025,3
2025_face_00045.jpg,46,Man,94.52760815620422,sad,99.9091327136238,33,2025-05-07 23:12:37,2025,3
2025_face_00046.jpg,47,Man,95.1702117919922,neutral,92.58710234318944,38,2025-05-07 23:12:37,2025,4
2025_face_00047.jpg,48,Man,99.99852180480956,happy,99.45279955863953,34,2025-05-07 23:12:38,2025,5
2025_face_00048.jpg,49,Man,50.71151256561279,neutral,56.94114565849304,45,2025-05-07 23:12:38,2025,4
2025_face_00049.jpg,50,Man,98.7252116203308,,64.99262243465319,33,2025-05-07 23:12:39,2025,0
2025_face_00050.jpg,51,Man,76.9471287727356,happy,99.97091293161589,45,2025-05-07 23:12:39,2025,5
2025_face_00051.jpg,52,Woman,99.9904990196228,neutral,65.99414348602295,32,2025-05-07 23:12:40,2025,4
2025_face_00052.jpg,53,Man,99.90459084510805,neutral,46.0759674220124,44,2025-05-07 23:12:40,2025,4
2025_face_00053.jpg,54,Man,98.4912931919098,sad,51.78022980690002,28,2025-05-07 23:12:41,2025,3
2025_face_00054.jpg,55,Man,98.80564212799072,neutral,95.15752792358398,36,2025-05-07 23:12:41,2025,4
2025_face_00055.jpg,56,Man,99.91596937179564,sad,99.99975562094184,47,2025-05-07 23:12:41,2025,3
2025_face_00056.jpg,57,Man,97.79125452041626,,97.31178267668382,29,2025-05-07 23:12:42,2025,0
2025_face_00057.jpg,58,Woman,98.44586849212646,neutral,26.23398460352329,30,2025-05-07 23:12:42,2025,4
2025_face_00058.jpg,59,Woman,99.78481531143188,happy,99.30684566497804,30,2025-05-07 23:12:43,2025,5
2025_face_00059.jpg,60,Man,99.82022047042848,angry,81.99717402458191,35,2025-05-07 23:12:43,2025,2
2025_face_00060.jpg,61,Man,93.33832263946532,sad,99.35938715934752,29,2025-05-07 23:12:44,2025,3
2025_face_00061.jpg,62,Man,99.99247789382936,happy,99.31226964666068,29,2025-05-07 23:12:44,2025,5
2025_face_00062.jpg,63,Woman,99.96705055236816,happy,99.99792575836182,43,2025-05-07 23:12:45,2025,5
2025_face_00063.jpg,64,Man,99.92013573646544,happy,97.97674417495728,34,2025-05-07 23:12:45,2025,5
2025_face_00064.jpg,65,Man,99.97290968894958,happy,99.98760223388672,38,2025-05-07 23:12:46,2025,5
2025_face_00065.jpg,66,Man,99.47744011878969,happy,99.68675971031188,41,2025-05-07 23:12:46,2025,5
2025_face_00066.jpg,67,Woman,99.93829727172852,happy,99.9994158744812,28,2025-05-07 23:12:47,2025,5
2025_face_00067.jpg,68,Man,99.79019165039062,happy,99.02405738830566,35,2025-05-07 23:12:47,2025,5
2025_face_00068.jpg,69,Woman,50.40404796600342,happy,74.32625736750707,32,2025-05-07 23:12:48,2025,5
2025_face_00069.jpg,70,Woman,96.80120944976808,sad,72.23827077378456,22,2025-05-07 23:12:48,2025,3
2025_face_00070.jpg,71,Man,99.96558427810668,sad,36.019039154052734,32,2025-05-07 23:12:49,2025,3
2025_face_00071.jpg,72,Man,97.59987592697144,angry,79.2687714099884,22,2025-05-07 23:12:49,2025,2
2025_face_00072.jpg,73,Man,60.69360375404358,happy,97.2350951713437,22,2025-05-07 23:12:50,2025,5
2025_face_00073.jpg,74,Man,99.82693195343018,sad,55.274003744125366,26,2025-05-07 23:12:50,2025,3
2025_face_00074.jpg,75,Woman,99.5232880115509,happy,98.15018795130396,32,2025-05-07 23:12:51,2025,5
2025_face_00075.jpg,76,Man,99.7931718826294,happy,98.48651904028426,36,2025-05-07 23:12:51,2025,5
2025_face_00076.jpg,77,Man,99.97552037239076,happy,99.80280995368958,34,2025-05-07 23:12:51,2025,5
2025_face_00077.jpg,78,Man,99.910968542099,happy,66.62735342979431,36,2025-05-07 23:12:52,2025,5
2025_face_00078.jpg,79,Man,99.99152421951294,angry,39.22728469697054,41,2025-05-07 23:12:52,2025,2
2025_face_00079.jpg,80,Woman,93.26661229133606,happy,99.8582661067406,35,2025-05-07 23:12:53,2025,5
2025_face_00080.jpg,81,Man,99.46231842041016,happy,97.437185049057,27,2025-05-07 23:12:53,2025,5
2025_face_00081.jpg,82,Woman,82.62509107589722,neutral,74.63864986435773,41,2025-05-07 23:12:54,2025,4
2025_face_00082.jpg,83,Man,80.46411871910095,,92.35657453536987,34,2025-05-07 23:12:54,2025,0
2025_face_00083.jpg,84,Man,98.6060619354248,angry,99.17476167377968,36,2025-05-07 23:12:55,2025,2
2025_face_00084.jpg,85,Man,98.72184991836548,angry,62.9801869392395,29,2025-05-07 23:12:55,2025,2
2025_face_00085.jpg,86,Man,99.99841451644896,neutral,61.32721169862608,29,2025-05-07 23:12:56,2025,4
2025_face_00086.jpg,87,Man,99.94519352912904,happy,99.99399185180664,27,2025-05-07 23:12:56,2025,5
2025_face_00087.jpg,88,Man,76.87684297561646,happy,96.1397585952138,25,2025-05-07 23:12:57,2025,5
2025_face_00088.jpg,89,Man,99.89939332008362,sad,73.45534283455099,26,2025-05-07 23:12:57,2025,3
2025_face_00089.jpg,90,Man,90.63027501106262,neutral,99.9184787273407,28,2025-05-07 23:12:58,2025,4
2025_face_00090.jpg,91,Man,93.72153878211977,angry,80.27119275674906,31,2025-05-07 23:12:58,2025,2
2025_face_00091.jpg,92,Man,99.32147264480592,angry,71.8555483990254,34,2025-05-07 23:12:59,2025,2
2025_face_00092.jpg,93,Woman,50.78132152557373,angry,89.59773182868958,33,2025-05-07 23:12:59,2025,2
2025_face_00093.jpg,94,Man,99.9675750732422,,52.664732933044434,36,2025-05-07 23:13:00,2025,0
2025_face_00094.jpg,95,Man,99.98314380645752,neutral,82.0791482925415,31,2025-05-07 23:13:00,2025,4
2025_face_00095.jpg,96,Man,99.97548460960388,happy,99.99812841415404,32,2025-05-07 23:13:01,2025,5
2025_face_00096.jpg,97,Man,99.96803998947144,neutral,79.33184977363645,29,2025-05-07 23:13:01,2025,4
2025_face_00097.jpg,98,Man,99.60156083106996,sad,44.48357290225352,38,2025-05-07 23:13:02,2025,3
2025_face_00098.jpg,99,Man,99.97299313545228,happy,82.44573965345262,36,2025-05-07 23:13:02,2025,5
2025_face_00099.jpg,100,Man,89.7343099117279,happy,99.88174437771704,29,2025-05-07 23:13:03,2025,5
2025_face_00100.jpg,101,Woman,99.18268918991087,happy,99.85666872779504,30,2025-05-07 23:13:03,2025,5
2025_face_00101.jpg,102,Man,92.35738515853882,neutral,72.92996644973755,36,2025-05-07 23:13:03,2025,4
2025_face_00102.jpg,103,Man,97.2886085510254,sad,75.65149664878845,32,2025-05-07 23:13:04,2025,3
2025_face_00103.jpg,104,Woman,99.9738872051239,happy,96.24598026275636,40,2025-05-07 23:13:04,2025,5
2025_face_00104.jpg,105,Man,99.99195337295532,happy,99.99985694885254,34,2025-05-07 23:13:05,2025,5
2025_face_00105.jpg,106,Woman,99.98352527618408,happy,94.11761129603454,32,2025-05-07 23:13:05,2025,5
2025_face_00106.jpg,107,Woman,98.58091473579408,happy,95.93177437782288,36,2025-05-07 23:13:06,2025,5
2025_face_00107.jpg,108,Man,93.72037649154665,angry,99.85698461532591,28,2025-05-07 23:13:06,2025,2
2025_face_00108.jpg,109,Man,92.15012192726137,,57.74986743927002,27,2025-05-07 23:13:07,2025,0
2025_face_00109.jpg,110,Man,99.92688298225404,sad,92.69706693922676,38,2025-05-07 23:13:07,2025,3
2025_face_00110.jpg,111,Man,99.33052659034728,happy,99.9990701675415,35,2025-05-07 23:13:08,2025,5
2025_face_00111.jpg,112,Man,97.60806560516356,sad,69.82506277262416,34,2025-05-07 23:13:08,2025,3
2025_face_00112.jpg,113,Woman,88.38525414466858,,67.19612088157187,30,2025-05-07 23:13:09,2025,0
2025_face_00113.jpg,114,Woman,99.99998807907104,neutral,51.03453993797302,40,2025-05-07 23:13:09,2025,4
2025_face_00114.jpg,115,Man,70.40367126464844,neutral,96.54160183172203,31,2025-05-07 23:13:10,2025,4
2025_face_00115.jpg,116,Man,89.18190002441406,sad,99.7092366565184,26,2025-05-07 23:13:10,2025,3
2025_face_00116.jpg,117,Man,98.68443012237547,neutral,76.48119330406189,32,2025-05-07 23:13:11,2025,4
2025_face_00117.jpg,118,Man,96.0898220539093,angry,50.07788837420275,35,2025-05-07 23:13:11,2025,2
2025_face_00118.jpg,119,Man,92.73431301116943,neutral,80.71882128715515,37,2025-05-07 23:13:12,2025,4
2025_face_00119.jpg,120,Man,98.21292161941528,happy,99.583637714386,42,2025-05-07 23:13:12,2025,5
2025_face_00120.jpg,121,Man,94.8538064956665,sad,76.47737264633179,31,2025-05-07 23:13:13,2025,3
2025_face_00121.jpg,122,Man,99.92796778678894,neutral,99.62021708488464,40,2025-05-07 23:13:13,2025,4
2025_face_00122.jpg,123,Man,72.93456196784973,neutral,59.75424407447839,33,2025-05-07 23:13:14,2025,4
2025_face_00123.jpg,124,Man,75.52533745765686,neutral,79.86865639686584,28,2025-05-07 23:13:14,2025,4
2025_face_00124.jpg,125,Man,99.79245662689208,angry,99.99164342880248,29,2025-05-07 23:13:15,2025,2
2025_face_00125.jpg,126,Man,99.6159553527832,sad,99.23513522566977,33,2025-05-07 23:13:15,2025,3
2025_face_00126.jpg,127,Man,99.29967522621156,neutral,51.995038986206055,31,2025-05-07 23:13:16,2025,4
2025_face_00127.jpg,128,Man,88.1898045539856,,84.97058063570145,34,2025-05-07 23:13:16,2025,0
2025_face_00128.jpg,129,Man,70.51507234573364,neutral,87.80249880567186,31,2025-05-07 23:13:16,2025,4
2025_face_00129.jpg,130,Man,96.20106816291808,sad,99.27648893314468,41,2025-05-07 23:13:17,2025,3
2025_face_00130.jpg,131,Man,96.26312255859376,sad,62.78650012177228,33,2025-05-07 23:13:17,2025,3
2025_face_00131.jpg,132,Woman,99.11612272262572,neutral,61.9375146590182,42,2025-05-07 23:13:18,2025,4
2025_face_00132.jpg,133,Man,76.53733491897583,neutral,55.87095022201538,28,2025-05-07 23:13:18,2025,4
2025_face_00133.jpg,134,Woman,66.03607535362244,angry,96.24133110046388,31,2025-05-07 23:13:19,2025,2
2025_face_00134.jpg,135,Woman,69.04335021972656,happy,99.93060827255248,37,2025-05-07 23:13:19,2025,5
2025_face_00135.jpg,136,Man,98.435240983963,happy,95.6102728843689,32,2025-05-07 23:13:20,2025,5
2025_face_00136.jpg,137,Woman,79.27587628364563,happy,96.9848096370697,28,2025-05-07 23:13:20,2025,5
2025_face_00137.jpg,138,Man,99.89063739776611,happy,99.8700737953186,34,2025-05-07 23:13:21,2025,5
2025_face_00138.jpg,139,Man,99.03388619422913,happy,95.37618160247804,31,2025-05-07 23:13:21,2025,5
2025_face_00139.jpg,140,Man,99.96793270111084,happy,99.89193679190436,31,2025-05-07 23:13:22,2025,5
2025_face_00140.jpg,141,Man,87.4458909034729,happy,99.18550252914427,32,2025-05-07 23:13:22,2025,5
2025_face_00141.jpg,142,Man,69.14389729499817,,87.420957530794,32,2025-05-07 23:13:23,2025,0
2025_face_00142.jpg,143,Woman,99.45757389068604,happy,99.86050724983215,41,2025-05-07 23:13:23,2025,5
2025_face_00143.jpg,144,Man,94.09850835800172,neutral,75.57465434074402,30,2025-05-07 23:13:24,2025,4
2025_face_00144.jpg,145,Man,99.84037280082704,happy,88.41304779052734,32,2025-05-07 23:13:24,2025,5
2025_face_00145.jpg,146,Woman,73.45873713493347,sad,83.75877045147243,32,2025-05-07 23:13:25,2025,3
2025_face_00146.jpg,147,Man,99.99815225601196,happy,98.43232035636902,33,2025-05-07 23:13:25,2025,5
2025_face_00147.jpg,148,Man,80.79202175140381,happy,99.99998807907104,36,2025-05-07 23:13:25,2025,5
2025_face_00148.jpg,149,Woman,99.94230270385742,happy,97.26167917251588,29,2025-05-07 23:13:26,2025,5
2025_face_00149.jpg,150,Woman,95.3914225101471,happy,99.99990463257971,31,2025-05-07 23:13:26,2025,5
2025_face_00150.jpg,151,Woman,55.37719130516052,happy,80.30786992954432,37,2025-05-07 23:13:27,2025,5
2025_face_00151.jpg,152,Man,99.990975856781,happy,91.80862307548524,31,2025-05-07 23:13:27,2025,5
2025_face_00152.jpg,153,Woman,88.51491212844849,happy,99.9987006187439,30,2025-05-07 23:13:28,2025,5
2025_face_00153.jpg,154,Man,99.71206188201904,neutral,67.47625470161438,28,2025-05-07 23:13:28,2025,4
2025_face_00154.jpg,155,Woman,98.64452481269836,neutral,95.30426319786748,44,2025-05-07 23:13:29,2025,4
2025_face_00155.jpg,156,Man,99.8333752155304,neutral,97.44592278551134,37,2025-05-07 23:13:29,2025,4
2025_face_00156.jpg,157,Woman,72.30948805809021,happy,95.78086733818054,41,2025-05-07 23:13:30,2025,5
2025_face_00157.jpg,158,Man,99.99663829803468,neutral,99.14602041244508,41,2025-05-07 23:13:30,2025,4
2025_face_00158.jpg,159,Man,95.52822709083556,happy,99.99932050704956,34,2025-05-07 23:13:31,2025,5
2025_face_00159.jpg,160,Woman,66.57106280326843,happy,99.69208834720185,32,2025-05-07 23:13:31,2025,5
2025_face_00160.jpg,161,Man,98.38175773620604,happy,89.49058589283143,38,2025-05-07 23:13:32,2025,5
2025_face_00161.jpg,162,Man,99.72957968711852,happy,73.20092160707244,38,2025-05-07 23:13:32,2025,5
2025_face_00162.jpg,163,Man,78.4620463848114,happy,98.15143335768184,39,2025-05-07 23:13:33,2025,5
2025_face_00163.jpg,164,Woman,76.47941708564758,happy,99.95728730900808,32,2025-05-07 23:13:33,2025,5
2025_face_00164.jpg,165,Man,99.4734525680542,sad,42.38061995737315,37,2025-05-07 23:13:34,2025,3
2025_face_00165.jpg,166,Man,99.54912066459656,happy,58.58238339424133,36,2025-05-07 23:13:34,2025,5
2025_face_00166.jpg,167,Man,63.97028565406799,happy,71.04240310697593,28,2025-05-07 23:13:35,2025,5
2025_face_00167.jpg,168,Man,96.44581079483032,happy,78.77146601676941,33,2025-05-07 23:13:35,2025,5
2025_face_00168.jpg,169,Man,99.52876567840576,neutral,52.28101638329225,36,2025-05-07 23:13:35,2025,4
2025_face_00169.jpg,170,Man,99.77805018424988,happy,99.9737858756653,32,2025-05-07 23:13:36,2025,5
2025_face_00170.jpg,171,Woman,95.84597945213318,happy,69.9284315109253,36,2025-05-07 23:13:36,2025,5
2025_face_00171.jpg,172,Woman,69.58486437797546,happy,65.27223404976915,29,2025-05-07 23:13:37,2025,5
2025_face_00172.jpg,173,Man,87.05882430076599,,94.62413255880683,30,2025-05-07 23:13:37,2025,0
2025_face_00173.jpg,174,Man,97.4272072315216,neutral,53.66710424423218,30,2025-05-07 23:13:38,2025,4
2025_face_00174.jpg,175,Man,66.23038649559021,neutral,67.20214486122131,29,2025-05-07 23:13:38,2025,4
2025_face_00175.jpg,176,Man,99.92007613182068,happy,99.24677014350893,28,2025-05-07 23:13:39,2025,5
2025_face_00176.jpg,177,Man,83.54417681694031,neutral,97.5174367427826,38,2025-05-07 23:13:39,2025,4
2025_face_00177.jpg,178,Man,54.39329743385315,sad,89.54636392273687,31,2025-05-07 23:13:40,2025,3
2025_face_00178.jpg,179,Man,99.1497814655304,angry,92.3573672771454,30,2025-05-07 23:13:40,2025,2
2025_face_00179.jpg,180,Man,65.63509702682495,sad,98.38840365409852,28,2025-05-07 23:13:41,2025,3
2025_face_00180.jpg,181,Woman,98.58735799789427,happy,99.98366236589328,41,2025-05-07 23:13:41,2025,5
2025_face_00181.jpg,182,Man,96.44092321395874,neutral,94.42520804104709,31,2025-05-07 23:13:42,2025,4
2025_face_00182.jpg,183,Man,97.85004258155824,angry,96.29489183425903,41,2025-05-07 23:13:42,2025,2
2025_face_00183.jpg,184,Man,52.26808190345764,happy,96.55552506446838,27,2025-05-07 23:13:43,2025,5
2025_face_00184.jpg,185,Woman,97.49327301979064,happy,99.93154406139516,37,2025-05-07 23:13:43,2025,5
2025_face_00185.jpg,186,Man,99.99366998672484,neutral,54.82717156410217,31,2025-05-07 23:13:44,2025,4
2025_face_00186.jpg,187,Man,99.98900890350342,happy,99.95052218142284,37,2025-05-07 23:13:44,2025,5
2025_face_00187.jpg,188,Man,98.54832887649536,neutral,88.66336941719055,33,2025-05-07 23:13:45,2025,4
2025_face_00188.jpg,189,Woman,99.95700716972352,happy,99.83385801315308,33,2025-05-07 23:13:45,2025,5
2025_face_00189.jpg,190,Man,99.82544779777528,neutral,86.0748155206222,38,2025-05-07 23:13:45,2025,4
2025_face_00190.jpg,191,Man,99.98883008956908,angry,72.04279899597168,37,2025-05-07 23:13:46,2025,2
2025_face_00191.jpg,192,Man,99.98376369476318,sad,65.31673073768616,38,2025-05-07 23:13:46,2025,3
2025_face_00192.jpg,193,Man,99.99147653579712,neutral,74.8234212398529,32,2025-05-07 23:13:47,2025,4
2025_face_00193.jpg,194,Man,99.93587136268616,neutral,77.36001475811092,31,2025-05-07 23:13:47,2025,4
2025_face_00194.jpg,195,Woman,86.08312606811523,neutral,64.94355201721191,28,2025-05-07 23:13:48,2025,4
2025_face_00195.jpg,196,Man,99.97655749320984,happy,64.98647928237915,30,2025-05-07 23:13:48,2025,5
2025_face_00196.jpg,197,Man,99.78380799293518,sad,51.626181408622095,27,2025-05-07 23:13:49,2025,3
2025_face_00197.jpg,198,Woman,99.4428038597107,neutral,65.3539639289422,32,2025-05-07 23:13:49,2025,4
2025_face_00198.jpg,199,Man,99.96273517608644,angry,66.68531894683838,37,2025-05-07 23:13:50,2025,2
2025_face_00199.jpg,200,Woman,99.99955892562866,happy,99.2177188396454,27,2025-05-07 23:13:50,2025,5
2025_face_00200.jpg,201,Woman,99.44831728935242,angry,79.92392539071147,42,2025-05-07 23:13:51,2025,2
2025_face_00201.jpg,202,Woman,95.7287847995758,happy,99.70683455467224,30,2025-05-07 23:13:51,2025,5
2025_face_00202.jpg,203,Man,98.69986176490784,sad,99.59911704063416,23,2025-05-07 23:13:52,2025,3
2025_face_00203.jpg,204,Woman,54.38100099563599,sad,34.699051416033335,36,2025-05-07 23:13:52,2025,3
2025_face_00204.jpg,205,Woman,64.75682258605957,neutral,97.53369688987732,28,2025-05-07 23:13:53,2025,4
2025_face_00205.jpg,206,Man,98.69357943534852,angry,74.56584875990764,36,2025-05-07 23:13:53,2025,2
2025_face_00206.jpg,207,Woman,76.019948720932,neutral,43.45675706863403,33,2025-05-07 23:13:54,2025,4
2025_face_00207.jpg,208,Woman,91.19147658348083,happy,99.99818801879884,33,2025-05-07 23:13:54,2025,5
2025_face_00208.jpg,209,Man,99.21507835388184,happy,99.99675750732422,33,2025-05-07 23:13:55,2025,5
2025_face_00209.jpg,210,Man,98.67211580276488,angry,93.6246808543611,34,2025-05-07 23:13:55,2025,2
2025_face_00210.jpg,211,Man,99.34822916984558,sad,71.86609934962388,27,2025-05-07 23:13:56,2025,3
2025_face_00211.jpg,212,Woman,99.69702959060668,happy,99.86892342567444,30,2025-05-07 23:13:56,2025,5
2025_face_00212.jpg,213,Man,73.14298748970032,happy,92.30272265640228,40,2025-05-07 23:13:56,2025,5
2025_face_00213.jpg,214,Man,99.31795597076416,angry,63.75731825828552,41,2025-05-07 23:13:57,2025,2
2025_face_00214.jpg,215,Man,92.69154667854308,angry,38.40079536442729,30,2025-05-07 23:13:57,2025,2
2025_face_00215.jpg,216,Man,99.04845952987672,neutral,97.80478503647028,31,2025-05-07 23:13:58,2025,4
2025_face_00216.jpg,217,Man,55.33793568611145,happy,56.07384443283081,36,2025-05-07 23:13:58,2025,5
2025_face_00217.jpg,218,Man,99.39619898796082,happy,99.59017035902562,28,2025-05-07 23:13:59,2025,5
2025_face_00218.jpg,219,Man,95.32527327537537,happy,98.98154133448251,32,2025-05-07 23:13:59,2025,5
2025_face_00219.jpg,220,Man,99.88824725151062,neutral,52.393126487731934,32,2025-05-07 23:14:00,2025,4
2025_face_00220.jpg,221,Man,99.58339929580688,neutral,87.39762902259827,32,2025-05-07 23:14:00,2025,4
2025_face_00221.jpg,222,Man,99.98506307601927,angry,50.00252723693848,28,2025-05-07 23:14:01,2025,2
2025_face_00222.jpg,223,Woman,99.98579025268556,happy,71.84951901435852,30,2025-05-07 23:14:01,2025,5
2025_face_00223.jpg,224,Woman,99.67725872993468,happy,99.99618530273438,29,2025-05-07 23:14:02,2025,5
2025_face_00224.jpg,225,Man,99.3413269519806,happy,99.82174038887024,29,2025-05-07 23:14:02,2025,5
2025_face_00225.jpg,226,Man,94.23389434814452,happy,99.99924302096623,37,2025-05-07 23:14:03,2025,5
2025_face_00226.jpg,227,Woman,98.0502188205719,happy,42.26376414299011,20,2025-05-07 23:14:03,2025,5
2025_face_00227.jpg,228,Man,97.51119017601012,happy,99.99995231628418,35,2025-05-07 23:14:04,2025,5
2025_face_00228.jpg,229,Man,99.75050091743468,happy,99.9994575977002,37,2025-05-07 23:14:04,2025,5
2025_face_00229.jpg,230,Man,91.68615937232973,surprise,41.02486968040466,31,2025-05-07 23:14:05,2025,6
2025_face_00230.jpg,231,Man,99.9144196510315,happy,68.27942728996277,33,2025-05-07 23:14:05,2025,5
2025_face_00231.jpg,232,Man,90.4551327228546,happy,99.9870538711548,30,2025-05-07 23:14:06,2025,5
2025_face_00232.jpg,233,Man,99.72807168960573,happy,100.0,42,2025-05-07 23:14:06,2025,5
2025_face_00233.jpg,234,Man,99.9817430973053,happy,95.40372436090998,33,2025-05-07 23:14:07,2025,5
2025_face_00234.jpg,235,Man,73.77687096595764,sad,96.04914737333624,36,2025-05-07 23:14:07,2025,3
2025_face_00235.jpg,236,Woman,73.25325608253479,sad,53.5492479801178,32,2025-05-07 23:14:07,2025,3
2025_face_00236.jpg,237,Man,98.68186712265016,neutral,99.88454578930686,35,2025-05-07 23:14:08,2025,4
2025_face_00237.jpg,238,Man,97.1007525920868,neutral,91.62946343421936,36,2025-05-07 23:14:08,2025,4
2025_face_00238.jpg,239,Man,84.24497246742249,sad,50.09248851627248,31,2025-05-07 23:14:09,2025,3
2025_face_00239.jpg,240,Woman,98.75292778015135,sad,99.79912042617798,29,2025-05-07 23:14:09,2025,3
2025_face_00240.jpg,241,Man,96.65070176124571,neutral,89.75518284768955,27,2025-05-07 23:14:10,2025,4
2025_face_00241.jpg,242,Man,99.31403994560242,neutral,98.80419366384707,39,2025-05-07 23:14:10,2025,4
2025_face_00242.jpg,243,Man,99.10119771957396,happy,95.87759375572205,32,2025-05-07 23:14:11,2025,5
2025_face_00243.jpg,244,Woman,99.95656609535216,neutral,99.81695415771554,38,2025-05-07 23:14:11,2025,4
2025_face_00244.jpg,245,Man,94.48305368423462,,97.8569269180298,46,2025-05-07 23:14:12,2025,0
2025_face_00245.jpg,246,Man,97.13422656059264,angry,46.489956974983215,34,2025-05-07 23:14:12,2025,2
2025_face_00246.jpg,247,Man,99.99912977218628,happy,98.02794456481934,47,2025-05-07 23:14:13,2025,5
2025_face_00247.jpg,248,Man,99.85988736152648,sad,59.94940281517472,34,2025-05-07 23:14:13,2025,3
2025_face_00248.jpg,249,Man,99.2063820362091,happy,99.75760579109192,35,2025-05-07 23:14:14,2025,5
